,npi,taxid,plan_group_alias,billing_code,billing_code_type,negotiated_type,negotiated_rate_cal
92074,1528064649,750827446,cigna_national_oap,1,DRG,negotiated,281883.19
172798,1528064649,750827446,cigna_national_oap,10,DRG,negotiated,41530.2
91063,1528064649,750827446,cigna_national_oap,100,DRG,negotiated,19238.82
231912,1528064649,750827446,cigna_national_oap,101,DRG,negotiated,9028.52
225752,1528064649,750827446,cigna_national_oap,102,DRG,negotiated,11516.25
57765,1528064649,750827446,cigna_national_oap,103,DRG,negotiated,8337.49
4037,1528064649,750827446,cigna_national_oap,11,DRG,negotiated,51729.48
316115,1528064649,750827446,uhc_choice_plus,110,DRG,negotiated,987.98
243156,1528064649,750827446,aetna_open_access_managed,110,DRG,negotiated,1427.59
168483,1528064649,750827446,uhc_choice_plus,110,DRG,negotiated,987.98
241138,1528064649,750827446,aetna_open_access_managed,110,DRG,negotiated,1180.21
241118,1528064649,750827446,aetna_open_access_managed,110,DRG,negotiated,1180.21
169271,1528064649,750827446,uhc_choice_plus,110,DRG,negotiated,987.98
20115,1528064649,750827446,uhc_choice_plus,110,DRG,negotiated,987.98
169290,1528064649,750827446,aetna_open_access_managed,110,DRG,negotiated,1427.59
169429,1528064649,750827446,uhc_choice_plus,110,DRG,negotiated,987.98
236574,1528064649,750827446,aetna_open_access_managed,110,DRG,negotiated,1427.59
169821,1528064649,750827446,uhc_choice_plus,110,DRG,negotiated,987.98
170119,1528064649,750827446,aetna_open_access_managed,110,DRG,negotiated,1427.59
168877,1528064649,750827446,uhc_choice_plus,110,DRG,negotiated,987.98
167484,1528064649,750827446,uhc_choice_plus,110,DRG,negotiated,987.98
16486,1528064649,750827446,aetna_open_access_managed,110,DRG,negotiated,1427.59
89021,1528064649,750827446,uhc_choice_plus,110,DRG,negotiated,987.98
259426,1528064649,750827446,aetna_open_access_managed,110,DRG,negotiated,1427.59
163740,1528064649,750827446,aetna_open_access_managed,110,DRG,negotiated,1427.59
6047,1528064649,750827446,aetna_open_access_managed,110,DRG,negotiated,1180.21
164958,1528064649,750827446,aetna_open_access_managed,110,DRG,negotiated,1053.76
94917,1528064649,750827446,uhc_choice_plus,110,DRG,negotiated,816.78
166803,1528064649,750827446,aetna_open_access_managed,110,DRG,negotiated,1427.59
94406,1528064649,750827446,aetna_open_access_managed,110,DRG,negotiated,1427.59
166960,1528064649,750827446,uhc_choice_plus,110,DRG,negotiated,987.98
167056,1528064649,750827446,uhc_choice_plus,110,DRG,negotiated,987.98
167148,1528064649,750827446,uhc_choice_plus,110,DRG,negotiated,729.27
216599,1528064649,750827446,uhc_choice_plus,110,DRG,negotiated,987.98
92896,1528064649,750827446,uhc_choice_plus,110,DRG,negotiated,816.78
11914,1528064649,750827446,aetna_open_access_managed,110,DRG,negotiated,1427.59
92887,1528064649,750827446,uhc_choice_plus,110,DRG,negotiated,987.98
14491,1528064649,750827446,aetna_open_access_managed,110,DRG,negotiated,1427.59
92694,1528064649,750827446,uhc_choice_plus,110,DRG,negotiated,882.12
15425,1528064649,750827446,aetna_open_access_managed,110,DRG,negotiated,1427.59
167273,1528064649,750827446,aetna_open_access_managed,110,DRG,negotiated,1427.59
170595,1528064649,750827446,aetna_open_access_managed,110,DRG,negotiated,1427.59
87063,1528064649,750827446,aetna_open_access_managed,110,DRG,negotiated,1274.63
5599,1528064649,750827446,aetna_open_access_managed,110,DRG,negotiated,1180.21
227182,1528064649,750827446,aetna_open_access_managed,110,DRG,negotiated,1427.59
226907,1528064649,750827446,uhc_choice_plus,110,DRG,negotiated,987.98
196885,1528064649,750827446,uhc_choice_plus,110,DRG,negotiated,987.98
225493,1528064649,750827446,uhc_choice_plus,110,DRG,negotiated,987.98
225484,1528064649,750827446,uhc_choice_plus,110,DRG,negotiated,987.98
208441,1528064649,750827446,uhc_choice_plus,110,DRG,negotiated,987.98
208543,1528064649,750827446,uhc_choice_plus,110,DRG,negotiated,987.98
208564,1528064649,750827446,uhc_choice_plus,110,DRG,negotiated,987.98
208766,1528064649,750827446,aetna_open_access_managed,110,DRG,negotiated,1427.59
223168,1528064649,750827446,uhc_choice_plus,110,DRG,negotiated,987.98
221176,1528064649,750827446,aetna_open_access_managed,110,DRG,negotiated,1180.21
56379,1528064649,750827446,uhc_choice_plus,110,DRG,negotiated,987.98
211083,1528064649,750827446,aetna_open_access_managed,110,DRG,negotiated,1427.59
57434,1528064649,750827446,uhc_choice_plus,110,DRG,negotiated,987.98
214197,1528064649,750827446,uhc_choice_plus,110,DRG,negotiated,987.98
228035,1528064649,750827446,uhc_choice_plus,110,DRG,negotiated,987.98
228079,1528064649,750827446,aetna_open_access_managed,110,DRG,negotiated,1427.59
54811,1528064649,750827446,aetna_open_access_managed,110,DRG,negotiated,1427.59
54509,1528064649,750827446,uhc_choice_plus,110,DRG,negotiated,882.12
231216,1528064649,750827446,uhc_choice_plus,110,DRG,negotiated,816.78
79277,1528064649,750827446,aetna_open_access_managed,110,DRG,negotiated,1427.59
34503,1528064649,750827446,uhc_choice_plus,110,DRG,negotiated,816.78
78171,1528064649,750827446,aetna_open_access_managed,110,DRG,negotiated,1427.59
76137,1528064649,750827446,aetna_open_access_managed,110,DRG,negotiated,1427.59
231143,1528064649,750827446,aetna_open_access_managed,110,DRG,negotiated,1180.21
230003,1528064649,750827446,aetna_open_access_managed,110,DRG,negotiated,1427.59
171280,1528064649,750827446,aetna_open_access_managed,110,DRG,negotiated,1427.59
72040,1528064649,750827446,uhc_choice_plus,110,DRG,negotiated,987.98
228957,1528064649,750827446,uhc_choice_plus,110,DRG,negotiated,816.78
173366,1528064649,750827446,aetna_open_access_managed,110,DRG,negotiated,1427.59
173382,1528064649,750827446,uhc_choice_plus,110,DRG,negotiated,987.98
174425,1528064649,750827446,uhc_choice_plus,110,DRG,negotiated,987.98
53524,1528064649,750827446,uhc_choice_plus,110,DRG,negotiated,987.98
228804,1528064649,750827446,aetna_open_access_managed,110,DRG,negotiated,1180.21
228319,1528064649,750827446,uhc_choice_plus,110,DRG,negotiated,987.98
64202,1528064649,750827446,uhc_choice_plus,110,DRG,negotiated,987.98
163551,1528064649,750827446,aetna_open_access_managed,110,DRG,negotiated,1427.59
167201,1528064649,750827446,aetna_open_access_managed,110,DRG,negotiated,1427.59
300263,1528064649,750827446,aetna_open_access_managed,110,DRG,negotiated,1427.59
162702,1528064649,750827446,uhc_choice_plus,110,DRG,negotiated,987.98
310846,1528064649,750827446,aetna_open_access_managed,110,DRG,negotiated,1427.59
137760,1528064649,750827446,uhc_choice_plus,110,DRG,negotiated,987.98
312554,1528064649,750827446,aetna_open_access_managed,110,DRG,negotiated,1427.59
299389,1528064649,750827446,uhc_choice_plus,110,DRG,negotiated,987.98
102161,1528064649,750827446,aetna_open_access_managed,110,DRG,negotiated,1427.59
269168,1528064649,750827446,aetna_open_access_managed,110,DRG,negotiated,1427.59
270800,1528064649,750827446,aetna_open_access_managed,110,DRG,negotiated,1427.59
266746,1528064649,750827446,aetna_open_access_managed,110,DRG,negotiated,1274.63
97903,1528064649,750827446,aetna_open_access_managed,110,DRG,negotiated,1427.59
142161,1528064649,750827446,uhc_choice_plus,110,DRG,negotiated,987.98
287164,1528064649,750827446,aetna_open_access_managed,110,DRG,negotiated,1180.21
98197,1528064649,750827446,aetna_open_access_managed,110,DRG,negotiated,1180.21
105060,1528064649,750827446,uhc_choice_plus,110,DRG,negotiated,987.98
98211,1528064649,750827446,aetna_open_access_managed,110,DRG,negotiated,1427.59
143516,1528064649,750827446,uhc_choice_plus,110,DRG,negotiated,882.12
4203,1528064649,750827446,aetna_open_access_managed,110,DRG,negotiated,1427.59
286652,1528064649,750827446,uhc_choice_plus,110,DRG,negotiated,987.98
282232,1528064649,750827446,uhc_choice_plus,110,DRG,negotiated,816.78
2677,1528064649,750827446,aetna_open_access_managed,110,DRG,negotiated,1427.59
286651,1528064649,750827446,uhc_choice_plus,110,DRG,negotiated,816.78
1646,1528064649,750827446,aetna_open_access_managed,110,DRG,negotiated,1427.59
305151,1528064649,750827446,uhc_choice_plus,110,DRG,negotiated,987.98
310039,1528064649,750827446,aetna_open_access_managed,110,DRG,negotiated,1427.59
111224,1528064649,750827446,aetna_open_access_managed,110,DRG,negotiated,1427.59
239,1528064649,750827446,aetna_open_access_managed,110,DRG,negotiated,1274.63
266745,1528064649,750827446,uhc_choice_plus,110,DRG,negotiated,816.78
111996,1528064649,750827446,uhc_choice_plus,110,DRG,negotiated,987.98
309419,1528064649,750827446,aetna_open_access_managed,110,DRG,negotiated,1427.59
308489,1528064649,750827446,uhc_choice_plus,110,DRG,negotiated,987.98
100106,1528064649,750827446,aetna_open_access_managed,110,DRG,negotiated,1427.59
310393,1528064649,750827446,uhc_choice_plus,110,DRG,negotiated,987.98
107968,1528064649,750827446,uhc_choice_plus,110,DRG,negotiated,987.98
96876,1528064649,750827446,uhc_choice_plus,110,DRG,negotiated,816.78
310936,1528064649,750827446,uhc_choice_plus,112,DRG,negotiated,2016.26
83188,1528064649,750827446,aetna_open_access_managed,112,DRG,negotiated,2913.41
280221,1528064649,750827446,aetna_open_access_managed,113,DRG,negotiated,1427.59
112009,1528064649,750827446,uhc_choice_plus,113,DRG,negotiated,987.98
311217,1528064649,750827446,aetna_open_access_managed,113,DRG,negotiated,1427.59
94703,1528064649,750827446,cigna_national_oap,113,DRG,negotiated,22486.68
310719,1528064649,750827446,uhc_choice_plus,113,DRG,negotiated,987.98
56766,1528064649,750827446,cigna_national_oap,114,DRG,negotiated,13047.54
282266,1528064649,750827446,cigna_national_oap,115,DRG,negotiated,15213.79
372,1528064649,750827446,cigna_national_oap,116,DRG,negotiated,18893.3
6132,1528064649,750827446,cigna_national_oap,117,DRG,negotiated,9942.89
270187,1528064649,750827446,aetna_open_access_managed,118,DRG,negotiated,1427.59
17551,1528064649,750827446,uhc_choice_plus,118,DRG,negotiated,987.98
313299,1528064649,750827446,aetna_open_access_managed,118,DRG,negotiated,1427.59
111969,1528064649,750827446,uhc_choice_plus,118,DRG,negotiated,987.98
262746,1528064649,750827446,cigna_national_oap,118,DRG,negotiated,1050
262746,1528064649,750827446,cigna_national_oap,128,DRG,negotiated,1050
262746,1528064649,750827446,cigna_national_oap,138,DRG,negotiated,1050
262746,1528064649,750827446,cigna_national_oap,148,DRG,negotiated,1050
262746,1528064649,750827446,cigna_national_oap,158,DRG,negotiated,1050
259571,1528064649,750827446,cigna_national_oap,12,DRG,negotiated,39153.64
286674,1528064649,750827446,aetna_open_access_managed,120,DRG,negotiated,1180.21
286687,1528064649,750827446,uhc_choice_plus,120,DRG,negotiated,882.12
300273,1528064649,750827446,aetna_open_access_managed,120,DRG,negotiated,1427.59
170382,1528064649,750827446,aetna_open_access_managed,120,DRG,negotiated,1427.59
190051,1528064649,750827446,aetna_open_access_managed,120,DRG,negotiated,1274.63
171298,1528064649,750827446,aetna_open_access_managed,120,DRG,negotiated,1427.59
163322,1528064649,750827446,uhc_choice_plus,120,DRG,negotiated,987.98
231302,1528064649,750827446,uhc_choice_plus,120,DRG,negotiated,987.98
89422,1528064649,750827446,uhc_choice_plus,120,DRG,negotiated,987.98
57516,1528064649,750827446,uhc_choice_plus,120,DRG,negotiated,882.12
143482,1528064649,750827446,aetna_open_access_managed,120,DRG,negotiated,1274.63
258632,1528064649,750827446,aetna_open_access_managed,120,DRG,negotiated,1427.59
163862,1528064649,750827446,aetna_open_access_managed,120,DRG,negotiated,1427.59
149225,1528064649,750827446,aetna_open_access_managed,120,DRG,negotiated,1427.59
6289,1528064649,750827446,uhc_choice_plus,120,DRG,negotiated,987.98
218819,1528064649,750827446,uhc_choice_plus,120,DRG,negotiated,987.98
210853,1528064649,750827446,uhc_choice_plus,120,DRG,negotiated,987.98
144897,1528064649,750827446,uhc_choice_plus,120,DRG,negotiated,816.78
166425,1528064649,750827446,uhc_choice_plus,120,DRG,negotiated,987.98
214174,1528064649,750827446,uhc_choice_plus,120,DRG,negotiated,987.98
266857,1528064649,750827446,uhc_choice_plus,120,DRG,negotiated,882.12
98120,1528064649,750827446,uhc_choice_plus,120,DRG,negotiated,816.78
165919,1528064649,750827446,uhc_choice_plus,120,DRG,negotiated,987.98
168873,1528064649,750827446,aetna_open_access_managed,120,DRG,negotiated,1427.59
241141,1528064649,750827446,aetna_open_access_managed,120,DRG,negotiated,1180.21
305726,1528064649,750827446,uhc_choice_plus,120,DRG,negotiated,987.98
169083,1528064649,750827446,aetna_open_access_managed,120,DRG,negotiated,1427.59
264812,1528064649,750827446,aetna_open_access_managed,120,DRG,negotiated,1274.63
169182,1528064649,750827446,uhc_choice_plus,120,DRG,negotiated,987.98
169239,1528064649,750827446,aetna_open_access_managed,120,DRG,negotiated,1427.59
284411,1528064649,750827446,aetna_open_access_managed,120,DRG,negotiated,1427.59
8491,1528064649,750827446,aetna_open_access_managed,120,DRG,negotiated,1427.59
300293,1528064649,750827446,uhc_choice_plus,121,DRG,negotiated,816.78
95358,1528064649,750827446,aetna_open_access_managed,121,DRG,negotiated,1180.21
57679,1528064649,750827446,uhc_choice_plus,121,DRG,negotiated,816.78
138790,1528064649,750827446,aetna_open_access_managed,121,DRG,negotiated,1180.21
230581,1528064649,750827446,cigna_national_oap,121,DRG,negotiated,12271.38
220732,1528064649,750827446,cigna_national_oap,122,DRG,negotiated,6918.36
94598,1528064649,750827446,cigna_national_oap,123,DRG,negotiated,7949.91
139993,1528064649,750827446,cigna_national_oap,124,DRG,negotiated,14028.01
259892,1528064649,750827446,cigna_national_oap,125,DRG,negotiated,8633.93
260,1528064649,750827446,cigna_national_oap,13,DRG,negotiated,28325.42
244214,1528064649,750827446,cigna_national_oap,135,DRG,negotiated,24543.76
29333,1528064649,750827446,cigna_national_oap,136,DRG,negotiated,11620.4
4124,1528064649,750827446,cigna_national_oap,137,DRG,negotiated,15018.49
4807,1528064649,750827446,cigna_national_oap,138,DRG,negotiated,8856.26
147379,1528064649,750827446,cigna_national_oap,139,DRG,negotiated,12593.86
258691,1528064649,750827446,cigna_national_oap,14,DRG,negotiated,112097.9
258549,1528064649,750827446,cigna_national_oap,140,DRG,negotiated,41625.34
56784,1528064649,750827446,cigna_national_oap,141,DRG,negotiated,22359.49
6137,1528064649,750827446,cigna_national_oap,142,DRG,negotiated,17042.53
224897,1528064649,750827446,cigna_national_oap,143,DRG,negotiated,31773.59
190832,1528064649,750827446,cigna_national_oap,144,DRG,negotiated,18120.14
229225,1528064649,750827446,cigna_national_oap,145,DRG,negotiated,12096.12
93831,1528064649,750827446,cigna_national_oap,146,DRG,negotiated,20172.21
54489,1528064649,750827446,cigna_national_oap,147,DRG,negotiated,12129.17
96591,1528064649,750827446,cigna_national_oap,148,DRG,negotiated,8188.26
98973,1528064649,750827446,cigna_national_oap,149,DRG,negotiated,7561.33
99859,1528064649,750827446,cigna_national_oap,150,DRG,negotiated,13813.69
147907,1528064649,750827446,cigna_national_oap,151,DRG,negotiated,7721.57
380,1528064649,750827446,cigna_national_oap,152,DRG,negotiated,11994.97
54574,1528064649,750827446,cigna_national_oap,153,DRG,negotiated,6915.36
94374,1528064649,750827446,cigna_national_oap,154,DRG,negotiated,15051.54
231955,1528064649,750827446,cigna_national_oap,155,DRG,negotiated,9206.79
256978,1528064649,750827446,cigna_national_oap,156,DRG,negotiated,6827.23
54491,1528064649,750827446,cigna_national_oap,157,DRG,negotiated,16743.08
235580,1528064649,750827446,cigna_national_oap,158,DRG,negotiated,9304.94
58586,1528064649,750827446,cigna_national_oap,159,DRG,negotiated,7510.25
35350,1528064649,750827446,cigna_national_oap,16,DRG,negotiated,60935.27
96594,1528064649,750827446,cigna_national_oap,163,DRG,negotiated,48509.66
229194,1528064649,750827446,cigna_national_oap,164,DRG,negotiated,25865.74
147041,1528064649,750827446,cigna_national_oap,165,DRG,negotiated,19297.9
137494,1528064649,750827446,cigna_national_oap,166,DRG,negotiated,36712.99
58763,1528064649,750827446,cigna_national_oap,167,DRG,negotiated,19039.52
225841,1528064649,750827446,cigna_national_oap,168,DRG,negotiated,14197.26
244247,1528064649,750827446,cigna_national_oap,17,DRG,negotiated,43766.55
225584,1528064649,750827446,cigna_national_oap,170,DRG,negotiated,825
225584,1528064649,750827446,cigna_national_oap,171,DRG,negotiated,825
225584,1528064649,750827446,cigna_national_oap,179,DRG,negotiated,825
82097,1528064649,750827446,uhc_choice_plus,171,DRG,negotiated,398.3
178768,1528064649,750827446,aetna_open_access_managed,171,DRG,negotiated,459.83
105314,1528064649,750827446,uhc_choice_plus,171,DRG,negotiated,318.23
6100,1528064649,750827446,aetna_open_access_managed,171,DRG,negotiated,459.83
228829,1528064649,750827446,aetna_open_access_managed,171,DRG,negotiated,475.8
101010,1528064649,750827446,aetna_open_access_managed,171,DRG,negotiated,459.83
101855,1528064649,750827446,aetna_open_access_managed,171,DRG,negotiated,575.53
34665,1528064649,750827446,uhc_choice_plus,171,DRG,negotiated,329.28
22704,1528064649,750827446,uhc_choice_plus,171,DRG,negotiated,318.23
57678,1528064649,750827446,uhc_choice_plus,171,DRG,negotiated,263.09
143010,1528064649,750827446,uhc_choice_plus,171,DRG,negotiated,318.23
74076,1528064649,750827446,uhc_choice_plus,171,DRG,negotiated,318.23
58026,1528064649,750827446,uhc_choice_plus,171,DRG,negotiated,398.3
286688,1528064649,750827446,aetna_open_access_managed,171,DRG,negotiated,380.15
310763,1528064649,750827446,aetna_open_access_managed,171,DRG,negotiated,459.83
200114,1528064649,750827446,aetna_open_access_managed,171,DRG,negotiated,459.83
90745,1528064649,750827446,uhc_choice_plus,171,DRG,negotiated,318.23
231862,1528064649,750827446,aetna_open_access_managed,171,DRG,negotiated,575.53
82695,1528064649,750827446,aetna_open_access_managed,172,DRG,negotiated,1231.28
95949,1528064649,750827446,aetna_open_access_managed,172,DRG,negotiated,1231.28
106214,1528064649,750827446,uhc_choice_plus,172,DRG,negotiated,852.13
243158,1528064649,750827446,uhc_choice_plus,172,DRG,negotiated,852.13
4206,1528064649,750827446,cigna_national_oap,172,DRG,negotiated,1090
190206,1528064649,750827446,uhc_choice_plus,173,DRG,negotiated,2899.34
149629,1528064649,750827446,uhc_choice_plus,173,DRG,negotiated,3247.26
58447,1528064649,750827446,aetna_open_access_managed,173,DRG,negotiated,4189.41
94407,1528064649,750827446,uhc_choice_plus,173,DRG,negotiated,3247.26
10741,1528064649,750827446,aetna_open_access_managed,173,DRG,negotiated,4692.14
137473,1528064649,750827446,cigna_national_oap,173,DRG,negotiated,2100
89780,1528064649,750827446,aetna_open_access_managed,173,DRG,negotiated,4692.14
180863,1528064649,750827446,cigna_national_oap,174,DRG,negotiated,2625
53839,1528064649,750827446,uhc_choice_plus,174,DRG,negotiated,7225.15
300413,1528064649,750827446,aetna_open_access_managed,174,DRG,negotiated,9321.44
225492,1528064649,750827446,aetna_open_access_managed,174,DRG,negotiated,10440.01
110512,1528064649,750827446,uhc_choice_plus,174,DRG,negotiated,7225.15
244243,1528064649,750827446,uhc_choice_plus,174,DRG,negotiated,6451.03
11583,1528064649,750827446,aetna_open_access_managed,174,DRG,negotiated,10440.01
220747,1528064649,750827446,cigna_national_oap,175,DRG,negotiated,13988.95
6144,1528064649,750827446,cigna_national_oap,176,DRG,negotiated,8188.26
31318,1528064649,750827446,cigna_national_oap,177,DRG,negotiated,17825.7
34387,1528064649,750827446,cigna_national_oap,178,DRG,negotiated,10886.31
288576,1528064649,750827446,cigna_national_oap,179,DRG,negotiated,7865.78
92473,1528064649,750827446,cigna_national_oap,18,DRG,negotiated,361994.18
236380,1528064649,750827446,cigna_national_oap,180,DRG,negotiated,16964.41
99048,1528064649,750827446,cigna_national_oap,181,DRG,negotiated,11354.01
95150,1528064649,750827446,cigna_national_oap,182,DRG,negotiated,8888.31
386,1528064649,750827446,cigna_national_oap,183,DRG,negotiated,15044.53
58072,1528064649,750827446,cigna_national_oap,184,DRG,negotiated,10467.68
2913,1528064649,750827446,cigna_national_oap,185,DRG,negotiated,7561.33
137490,1528064649,750827446,cigna_national_oap,186,DRG,negotiated,15290.9
232651,1528064649,750827446,cigna_national_oap,187,DRG,negotiated,10474.69
54582,1528064649,750827446,cigna_national_oap,188,DRG,negotiated,7250.86
288428,1528064649,750827446,cigna_national_oap,189,DRG,negotiated,12088.11
232052,1528064649,750827446,cigna_national_oap,19,DRG,negotiated,71453.02
137491,1528064649,750827446,cigna_national_oap,190,DRG,negotiated,10871.28
260275,1528064649,750827446,cigna_national_oap,191,DRG,negotiated,8654.96
90230,1528064649,750827446,cigna_national_oap,192,DRG,negotiated,6530.78
141835,1528064649,750827446,cigna_national_oap,193,DRG,negotiated,13006.48
99564,1528064649,750827446,cigna_national_oap,194,DRG,negotiated,8414.6
97115,1528064649,750827446,cigna_national_oap,195,DRG,negotiated,6427.63
302070,1528064649,750827446,cigna_national_oap,196,DRG,negotiated,17403.07
99565,1528064649,750827446,cigna_national_oap,197,DRG,negotiated,9850.75
91354,1528064649,750827446,cigna_national_oap,198,DRG,negotiated,7119.66
232066,1528064649,750827446,cigna_national_oap,199,DRG,negotiated,17612.38
54151,1528064649,750827446,cigna_national_oap,2,DRG,negotiated,134933.1
224545,1528064649,750827446,cigna_national_oap,20,DRG,negotiated,93172.55
183743,1528064649,750827446,cigna_national_oap,200,DRG,negotiated,10736.08
209280,1528064649,750827446,uhc_choice_plus,200,DRG,negotiated,2879.91
168354,1528064649,750827446,aetna_open_access_managed,200,DRG,negotiated,4161.33
142945,1528064649,750827446,uhc_choice_plus,200,DRG,negotiated,2879.91
138115,1528064649,750827446,uhc_choice_plus,200,DRG,negotiated,2380.87
90932,1528064649,750827446,uhc_choice_plus,200,DRG,negotiated,2380.87
7714,1528064649,750827446,uhc_choice_plus,200,DRG,negotiated,2879.91
224814,1528064649,750827446,uhc_choice_plus,200,DRG,negotiated,2571.34
89826,1528064649,750827446,aetna_open_access_managed,200,DRG,negotiated,3715.48
91796,1528064649,750827446,uhc_choice_plus,200,DRG,negotiated,2879.91
315989,1528064649,750827446,uhc_choice_plus,200,DRG,negotiated,2879.91
81991,1528064649,750827446,aetna_open_access_managed,200,DRG,negotiated,4161.33
102445,1528064649,750827446,uhc_choice_plus,200,DRG,negotiated,2879.91
165747,1528064649,750827446,uhc_choice_plus,200,DRG,negotiated,2879.91
228942,1528064649,750827446,uhc_choice_plus,200,DRG,negotiated,2879.91
61614,1528064649,750827446,aetna_open_access_managed,200,DRG,negotiated,4161.33
279266,1528064649,750827446,aetna_open_access_managed,200,DRG,negotiated,4161.33
57654,1528064649,750827446,aetna_open_access_managed,200,DRG,negotiated,3440.25
261281,1528064649,750827446,aetna_open_access_managed,200,DRG,negotiated,4161.33
228808,1528064649,750827446,aetna_open_access_managed,200,DRG,negotiated,3440.25
165601,1528064649,750827446,aetna_open_access_managed,200,DRG,negotiated,4161.33
145019,1528064649,750827446,uhc_choice_plus,200,DRG,negotiated,2571.34
104485,1528064649,750827446,aetna_open_access_managed,200,DRG,negotiated,4161.33
267443,1528064649,750827446,aetna_open_access_managed,200,DRG,negotiated,4161.33
34631,1528064649,750827446,aetna_open_access_managed,200,DRG,negotiated,3715.48
110510,1528064649,750827446,uhc_choice_plus,200,DRG,negotiated,2879.91
223166,1528064649,750827446,aetna_open_access_managed,200,DRG,negotiated,4161.33
94632,1528064649,750827446,cigna_national_oap,201,DRG,negotiated,7289.92
4242,1528064649,750827446,cigna_national_oap,202,DRG,negotiated,9271.89
5942,1528064649,750827446,aetna_open_access_managed,203,DRG,negotiated,3297.02
225236,1528064649,750827446,uhc_choice_plus,203,DRG,negotiated,2037.28
267110,1528064649,750827446,uhc_choice_plus,203,DRG,negotiated,2037.28
6864,1528064649,750827446,aetna_open_access_managed,203,DRG,negotiated,3297.02
29650,1528064649,750827446,aetna_open_access_managed,203,DRG,negotiated,2943.77
152377,1528064649,750827446,uhc_choice_plus,203,DRG,negotiated,2281.75
287203,1528064649,750827446,aetna_open_access_managed,203,DRG,negotiated,2943.77
139541,1528064649,750827446,cigna_national_oap,203,DRG,negotiated,6681.01
304954,1528064649,750827446,aetna_open_access_managed,203,DRG,negotiated,3297.02
2068,1528064649,750827446,uhc_choice_plus,203,DRG,negotiated,2281.75
133877,1528064649,750827446,uhc_choice_plus,203,DRG,negotiated,2281.75
196254,1528064649,750827446,cigna_national_oap,204,DRG,negotiated,8106.14
140250,1528064649,750827446,cigna_national_oap,205,DRG,negotiated,17836.72
83923,1528064649,750827446,uhc_choice_plus,206,DRG,negotiated,2258.22
143517,1528064649,750827446,uhc_choice_plus,206,DRG,negotiated,2016.26
98225,1528064649,750827446,uhc_choice_plus,206,DRG,negotiated,2258.22
96898,1528064649,750827446,aetna_open_access_managed,206,DRG,negotiated,2913.41
266798,1528064649,750827446,uhc_choice_plus,206,DRG,negotiated,2016.26
11796,1528064649,750827446,aetna_open_access_managed,206,DRG,negotiated,3263.02
231297,1528064649,750827446,aetna_open_access_managed,206,DRG,negotiated,2913.41
283920,1528064649,750827446,uhc_choice_plus,206,DRG,negotiated,2258.22
102729,1528064649,750827446,aetna_open_access_managed,206,DRG,negotiated,3263.02
101659,1528064649,750827446,aetna_open_access_managed,206,DRG,negotiated,3263.02
304760,1528064649,750827446,aetna_open_access_managed,206,DRG,negotiated,3263.02
167377,1528064649,750827446,uhc_choice_plus,206,DRG,negotiated,2258.22
193764,1528064649,750827446,uhc_choice_plus,206,DRG,negotiated,2258.22
214837,1528064649,750827446,uhc_choice_plus,206,DRG,negotiated,2258.22
2010,1528064649,750827446,uhc_choice_plus,206,DRG,negotiated,2016.26
244242,1528064649,750827446,aetna_open_access_managed,206,DRG,negotiated,3158.19
152887,1528064649,750827446,uhc_choice_plus,206,DRG,negotiated,2258.22
267308,1528064649,750827446,uhc_choice_plus,206,DRG,negotiated,2016.26
150034,1528064649,750827446,aetna_open_access_managed,206,DRG,negotiated,3263.02
94916,1528064649,750827446,uhc_choice_plus,206,DRG,negotiated,2185.67
173378,1528064649,750827446,uhc_choice_plus,206,DRG,negotiated,2258.22
224355,1528064649,750827446,aetna_open_access_managed,206,DRG,negotiated,3158.19
171426,1528064649,750827446,uhc_choice_plus,206,DRG,negotiated,2258.22
19000,1528064649,750827446,uhc_choice_plus,206,DRG,negotiated,2258.22
205176,1528064649,750827446,uhc_choice_plus,206,DRG,negotiated,2258.22
99399,1528064649,750827446,aetna_open_access_managed,206,DRG,negotiated,3263.02
89778,1528064649,750827446,uhc_choice_plus,206,DRG,negotiated,2016.26
99063,1528064649,750827446,cigna_national_oap,206,DRG,negotiated,8947.4
300268,1528064649,750827446,uhc_choice_plus,206,DRG,negotiated,2185.67
214015,1528064649,750827446,aetna_open_access_managed,206,DRG,negotiated,3263.02
164294,1528064649,750827446,aetna_open_access_managed,206,DRG,negotiated,3263.02
29012,1528064649,750827446,aetna_open_access_managed,206,DRG,negotiated,3158.19
99422,1528064649,750827446,aetna_open_access_managed,206,DRG,negotiated,2913.41
169171,1528064649,750827446,aetna_open_access_managed,206,DRG,negotiated,3263.02
28199,1528064649,750827446,aetna_open_access_managed,206,DRG,negotiated,3263.02
169034,1528064649,750827446,aetna_open_access_managed,206,DRG,negotiated,3263.02
142427,1528064649,750827446,aetna_open_access_managed,206,DRG,negotiated,3158.19
85585,1528064649,750827446,uhc_choice_plus,206,DRG,negotiated,2185.67
241988,1528064649,750827446,aetna_open_access_managed,206,DRG,negotiated,3263.02
3540,1528064649,750827446,aetna_open_access_managed,206,DRG,negotiated,3263.02
58331,1528064649,750827446,uhc_choice_plus,206,DRG,negotiated,2185.67
167960,1528064649,750827446,uhc_choice_plus,206,DRG,negotiated,2258.22
143235,1528064649,750827446,aetna_open_access_managed,206,DRG,negotiated,2913.41
99742,1528064649,750827446,aetna_open_access_managed,206,DRG,negotiated,2913.41
232824,1528064649,750827446,uhc_choice_plus,206,DRG,negotiated,2258.22
263354,1528064649,750827446,cigna_national_oap,207,DRG,negotiated,65757.49
54722,1528064649,750827446,cigna_national_oap,208,DRG,negotiated,26040
163119,1528064649,750827446,uhc_choice_plus,209,DRG,negotiated,2016.26
313028,1528064649,750827446,uhc_choice_plus,209,DRG,negotiated,2016.26
110993,1528064649,750827446,aetna_open_access_managed,209,DRG,negotiated,2913.41
308332,1528064649,750827446,uhc_choice_plus,209,DRG,negotiated,2016.26
125347,1528064649,750827446,uhc_choice_plus,209,DRG,negotiated,2016.26
102197,1528064649,750827446,aetna_open_access_managed,209,DRG,negotiated,2913.41
100122,1528064649,750827446,uhc_choice_plus,209,DRG,negotiated,1800.24
102566,1528064649,750827446,uhc_choice_plus,209,DRG,negotiated,2016.26
312143,1528064649,750827446,aetna_open_access_managed,209,DRG,negotiated,2913.41
142426,1528064649,750827446,aetna_open_access_managed,209,DRG,negotiated,2408.57
102666,1528064649,750827446,uhc_choice_plus,209,DRG,negotiated,2016.26
2676,1528064649,750827446,uhc_choice_plus,209,DRG,negotiated,1666.88
286203,1528064649,750827446,uhc_choice_plus,209,DRG,negotiated,1666.88
266856,1528064649,750827446,uhc_choice_plus,209,DRG,negotiated,1800.24
4307,1528064649,750827446,uhc_choice_plus,209,DRG,negotiated,1800.24
309822,1528064649,750827446,uhc_choice_plus,209,DRG,negotiated,2016.26
98081,1528064649,750827446,uhc_choice_plus,209,DRG,negotiated,1800.24
100109,1528064649,750827446,aetna_open_access_managed,209,DRG,negotiated,2601.26
100112,1528064649,750827446,aetna_open_access_managed,209,DRG,negotiated,2601.26
100116,1528064649,750827446,uhc_choice_plus,209,DRG,negotiated,1666.88
267271,1528064649,750827446,uhc_choice_plus,209,DRG,negotiated,2016.26
96358,1528064649,750827446,uhc_choice_plus,209,DRG,negotiated,2016.26
98182,1528064649,750827446,aetna_open_access_managed,209,DRG,negotiated,2601.26
218460,1528064649,750827446,uhc_choice_plus,209,DRG,negotiated,2016.26
208797,1528064649,750827446,uhc_choice_plus,209,DRG,negotiated,2016.26
15265,1528064649,750827446,aetna_open_access_managed,209,DRG,negotiated,2913.41
17109,1528064649,750827446,aetna_open_access_managed,209,DRG,negotiated,2913.41
167472,1528064649,750827446,aetna_open_access_managed,209,DRG,negotiated,2913.41
167772,1528064649,750827446,aetna_open_access_managed,209,DRG,negotiated,2913.41
24816,1528064649,750827446,uhc_choice_plus,209,DRG,negotiated,2016.26
241660,1528064649,750827446,uhc_choice_plus,209,DRG,negotiated,2016.26
29403,1528064649,750827446,aetna_open_access_managed,209,DRG,negotiated,2913.41
90823,1528064649,750827446,uhc_choice_plus,209,DRG,negotiated,1666.88
238368,1528064649,750827446,uhc_choice_plus,209,DRG,negotiated,2016.26
169632,1528064649,750827446,uhc_choice_plus,209,DRG,negotiated,2016.26
259591,1528064649,750827446,uhc_choice_plus,209,DRG,negotiated,1666.88
170554,1528064649,750827446,aetna_open_access_managed,209,DRG,negotiated,2913.41
14110,1528064649,750827446,uhc_choice_plus,209,DRG,negotiated,2016.26
224354,1528064649,750827446,uhc_choice_plus,209,DRG,negotiated,2016.26
86690,1528064649,750827446,aetna_open_access_managed,209,DRG,negotiated,2913.41
171363,1528064649,750827446,aetna_open_access_managed,209,DRG,negotiated,2913.41
231294,1528064649,750827446,uhc_choice_plus,209,DRG,negotiated,1666.88
231206,1528064649,750827446,aetna_open_access_managed,209,DRG,negotiated,2408.57
78459,1528064649,750827446,uhc_choice_plus,209,DRG,negotiated,2016.26
210496,1528064649,750827446,uhc_choice_plus,209,DRG,negotiated,2016.26
71607,1528064649,750827446,aetna_open_access_managed,209,DRG,negotiated,2913.41
229034,1528064649,750827446,aetna_open_access_managed,209,DRG,negotiated,2913.41
62199,1528064649,750827446,uhc_choice_plus,209,DRG,negotiated,2016.26
228807,1528064649,750827446,aetna_open_access_managed,209,DRG,negotiated,2913.41
188549,1528064649,750827446,uhc_choice_plus,209,DRG,negotiated,2016.26
105376,1528064649,750827446,aetna_open_access_managed,209,DRG,negotiated,2913.41
87094,1528064649,750827446,aetna_open_access_managed,209,DRG,negotiated,2408.57
92889,1528064649,750827446,aetna_open_access_managed,209,DRG,negotiated,2408.57
225189,1528064649,750827446,aetna_open_access_managed,209,DRG,negotiated,2913.41
93123,1528064649,750827446,aetna_open_access_managed,209,DRG,negotiated,2913.41
163699,1528064649,750827446,aetna_open_access_managed,209,DRG,negotiated,2913.41
6045,1528064649,750827446,aetna_open_access_managed,209,DRG,negotiated,2601.26
164173,1528064649,750827446,uhc_choice_plus,209,DRG,negotiated,2016.26
6103,1528064649,750827446,aetna_open_access_managed,209,DRG,negotiated,2913.41
164964,1528064649,750827446,aetna_open_access_managed,209,DRG,negotiated,2913.41
165654,1528064649,750827446,uhc_choice_plus,209,DRG,negotiated,2016.26
92894,1528064649,750827446,aetna_open_access_managed,209,DRG,negotiated,2408.57
257875,1528064649,750827446,uhc_choice_plus,209,DRG,negotiated,2016.26
166252,1528064649,750827446,aetna_open_access_managed,209,DRG,negotiated,2913.41
165910,1528064649,750827446,aetna_open_access_managed,209,DRG,negotiated,2913.41
166828,1528064649,750827446,aetna_open_access_managed,209,DRG,negotiated,2913.41
94271,1528064649,750827446,aetna_open_access_managed,209,DRG,negotiated,2913.41
243181,1528064649,750827446,aetna_open_access_managed,209,DRG,negotiated,2408.57
220533,1528064649,750827446,cigna_national_oap,21,DRG,negotiated,67993.84
162307,1528064649,750827446,uhc_choice_plus,210,DRG,negotiated,2879.91
309413,1528064649,750827446,aetna_open_access_managed,210,DRG,negotiated,4161.33
165860,1528064649,750827446,aetna_open_access_managed,214,DRG,negotiated,4161.33
103795,1528064649,750827446,aetna_open_access_managed,214,DRG,negotiated,4161.33
64481,1528064649,750827446,uhc_choice_plus,214,DRG,negotiated,2879.91
48277,1528064649,750827446,uhc_choice_plus,214,DRG,negotiated,2879.91
10916,1528064649,750827446,aetna_open_access_managed,214,DRG,negotiated,4161.33
110697,1528064649,750827446,uhc_choice_plus,214,DRG,negotiated,2879.91
143909,1528064649,750827446,aetna_open_access_managed,214,DRG,negotiated,3715.48
107674,1528064649,750827446,aetna_open_access_managed,214,DRG,negotiated,4161.33
106777,1528064649,750827446,uhc_choice_plus,214,DRG,negotiated,2879.91
131021,1528064649,750827446,aetna_open_access_managed,214,DRG,negotiated,4161.33
94405,1528064649,750827446,uhc_choice_plus,214,DRG,negotiated,2571.34
29027,1528064649,750827446,uhc_choice_plus,214,DRG,negotiated,2571.34
29368,1528064649,750827446,aetna_open_access_managed,214,DRG,negotiated,3715.48
166392,1528064649,750827446,uhc_choice_plus,214,DRG,negotiated,2879.91
149094,1528064649,750827446,uhc_choice_plus,214,DRG,negotiated,2879.91
233488,1528064649,750827446,aetna_open_access_managed,214,DRG,negotiated,4161.33
90253,1528064649,750827446,cigna_national_oap,215,DRG,negotiated,103186.55
147222,1528064649,750827446,cigna_national_oap,216,DRG,negotiated,97565.13
100166,1528064649,750827446,cigna_national_oap,217,DRG,negotiated,63583.23
95078,1528064649,750827446,cigna_national_oap,218,DRG,negotiated,59476.08
239115,1528064649,750827446,cigna_national_oap,219,DRG,negotiated,81404.92
98294,1528064649,750827446,cigna_national_oap,22,DRG,negotiated,43650.38
29723,1528064649,750827446,cigna_national_oap,220,DRG,negotiated,54432.53
6441,1528064649,750827446,cigna_national_oap,221,DRG,negotiated,735
257283,1528064649,750827446,cigna_national_oap,221,DRG,negotiated,47386.97
225595,1528064649,750827446,cigna_national_oap,222,DRG,negotiated,76680.85
87995,1528064649,750827446,cigna_national_oap,223,DRG,negotiated,52265.28
172840,1528064649,750827446,cigna_national_oap,224,DRG,negotiated,70998.34
265253,1528064649,750827446,cigna_national_oap,225,DRG,negotiated,50652.87
88353,1528064649,750827446,cigna_national_oap,226,DRG,negotiated,64105.01
97154,1528064649,750827446,cigna_national_oap,227,DRG,negotiated,50282.31
99580,1528064649,750827446,cigna_national_oap,228,DRG,negotiated,49356.92
86776,1528064649,750827446,cigna_national_oap,229,DRG,negotiated,33058.51
55165,1528064649,750827446,cigna_national_oap,23,DRG,negotiated,57399.97
58668,1528064649,750827446,cigna_national_oap,231,DRG,negotiated,84057.9
62030,1528064649,750827446,aetna_open_access_managed,231,DRG,negotiated,302
206977,1528064649,750827446,uhc_choice_plus,231,DRG,negotiated,209
57397,1528064649,750827446,cigna_national_oap,232,DRG,negotiated,58665.87
173514,1528064649,750827446,cigna_national_oap,233,DRG,negotiated,77565.17
229309,1528064649,750827446,cigna_national_oap,234,DRG,negotiated,51940.79
54742,1528064649,750827446,cigna_national_oap,235,DRG,negotiated,59989.85
143380,1528064649,750827446,cigna_national_oap,236,DRG,negotiated,40845.18
86778,1528064649,750827446,cigna_national_oap,239,DRG,negotiated,46570.75
58352,1528064649,750827446,cigna_national_oap,24,DRG,negotiated,39547.23
34706,1528064649,750827446,cigna_national_oap,240,DRG,negotiated,27182.71
260718,1528064649,750827446,cigna_national_oap,241,DRG,negotiated,15512.23
233875,1528064649,750827446,cigna_national_oap,242,DRG,negotiated,34787.1
31948,1528064649,750827446,cigna_national_oap,243,DRG,negotiated,23475.16
256664,1528064649,750827446,cigna_national_oap,244,DRG,negotiated,19039.52
195565,1528064649,750827446,cigna_national_oap,245,DRG,negotiated,48833.14
229352,1528064649,750827446,cigna_national_oap,246,DRG,negotiated,29998.93
136669,1528064649,750827446,cigna_national_oap,247,DRG,negotiated,19123.64
145347,1528064649,750827446,cigna_national_oap,248,DRG,negotiated,30143.15
57,1528064649,750827446,cigna_national_oap,249,DRG,negotiated,18194.25
147815,1528064649,750827446,cigna_national_oap,25,DRG,negotiated,45473.11
221473,1528064649,750827446,cigna_national_oap,250,DRG,negotiated,24233.3
4297,1528064649,750827446,cigna_national_oap,251,DRG,negotiated,16277.38
91375,1528064649,750827446,cigna_national_oap,252,DRG,negotiated,33483.15
5441,1528064649,750827446,cigna_national_oap,253,DRG,negotiated,26780.11
289833,1528064649,750827446,cigna_national_oap,254,DRG,negotiated,18312.43
58740,1528064649,750827446,cigna_national_oap,255,DRG,negotiated,25694.48
94383,1528064649,750827446,cigna_national_oap,256,DRG,negotiated,16346.48
2989,1528064649,750827446,cigna_national_oap,257,DRG,negotiated,10502.73
289834,1528064649,750827446,cigna_national_oap,258,DRG,negotiated,28555.77
263392,1528064649,750827446,cigna_national_oap,259,DRG,negotiated,19970.91
139384,1528064649,750827446,cigna_national_oap,26,DRG,negotiated,30280.35
220775,1528064649,750827446,cigna_national_oap,260,DRG,negotiated,35038.48
60,1528064649,750827446,cigna_national_oap,261,DRG,negotiated,19136.66
5964,1528064649,750827446,cigna_national_oap,262,DRG,negotiated,16793.15
94385,1528064649,750827446,cigna_national_oap,263,DRG,negotiated,27901.79
231668,1528064649,750827446,cigna_national_oap,264,DRG,negotiated,33146.65
229343,1528064649,750827446,cigna_national_oap,265,DRG,negotiated,33871.73
35118,1528064649,750827446,cigna_national_oap,266,DRG,negotiated,66106.01
178829,1528064649,750827446,cigna_national_oap,267,DRG,negotiated,51683.41
266913,1528064649,750827446,cigna_national_oap,268,DRG,negotiated,69311.81
90349,1528064649,750827446,cigna_national_oap,269,DRG,negotiated,42827.14
190122,1528064649,750827446,cigna_national_oap,27,DRG,negotiated,24991.43
6164,1528064649,750827446,cigna_national_oap,270,DRG,negotiated,51202.69
55993,1528064649,750827446,cigna_national_oap,271,DRG,negotiated,34890.26
57473,1528064649,750827446,cigna_national_oap,272,DRG,negotiated,26002.95
91472,1528064649,750827446,cigna_national_oap,273,DRG,negotiated,40190.2
229345,1528064649,750827446,cigna_national_oap,274,DRG,negotiated,33645.39
58483,1528064649,750827446,cigna_national_oap,28,DRG,negotiated,58863.16
58749,1528064649,750827446,cigna_national_oap,280,DRG,negotiated,16088.1
289285,1528064649,750827446,cigna_national_oap,281,DRG,negotiated,9199.78
667,1528064649,750827446,cigna_national_oap,282,DRG,negotiated,7177.75
229346,1528064649,750827446,cigna_national_oap,283,DRG,negotiated,19214.78
261085,1528064649,750827446,cigna_national_oap,284,DRG,negotiated,7365.03
234625,1528064649,750827446,cigna_national_oap,285,DRG,negotiated,5426.13
58154,1528064649,750827446,cigna_national_oap,286,DRG,negotiated,21241.82
58093,1528064649,750827446,cigna_national_oap,287,DRG,negotiated,11018.5
173202,1528064649,750827446,cigna_national_oap,288,DRG,negotiated,27005.45
282459,1528064649,750827446,cigna_national_oap,289,DRG,negotiated,16095.11
231809,1528064649,750827446,cigna_national_oap,29,DRG,negotiated,34227.26
239262,1528064649,750827446,cigna_national_oap,290,DRG,negotiated,12075.09
29858,1528064649,750827446,cigna_national_oap,291,DRG,negotiated,12817.2
94485,1528064649,750827446,cigna_national_oap,292,DRG,negotiated,8640.94
138074,1528064649,750827446,cigna_national_oap,293,DRG,negotiated,5611.4
239263,1528064649,750827446,cigna_national_oap,294,DRG,negotiated,11562.32
225814,1528064649,750827446,cigna_national_oap,295,DRG,negotiated,8870.29
57486,1528064649,750827446,cigna_national_oap,296,DRG,negotiated,16407.57
97271,1528064649,750827446,cigna_national_oap,297,DRG,negotiated,6372.54
222408,1528064649,750827446,cigna_national_oap,298,DRG,negotiated,4892.33
304245,1528064649,750827446,cigna_national_oap,299,DRG,negotiated,15403.07
231245,1528064649,750827446,cigna_national_oap,3,DRG,negotiated,202674.56
5301,1528064649,750827446,cigna_national_oap,30,DRG,negotiated,23447.12
289288,1528064649,750827446,cigna_national_oap,300,DRG,negotiated,10326.47
191128,1528064649,750827446,cigna_national_oap,301,DRG,negotiated,7172.74
54818,1528064649,750827446,cigna_national_oap,302,DRG,negotiated,12076.09
225815,1528064649,750827446,cigna_national_oap,303,DRG,negotiated,6771.14
4325,1528064649,750827446,cigna_national_oap,304,DRG,negotiated,11002.48
6170,1528064649,750827446,cigna_national_oap,305,DRG,negotiated,7467.18
191796,1528064649,750827446,cigna_national_oap,306,DRG,negotiated,14780.14
232286,1528064649,750827446,cigna_national_oap,307,DRG,negotiated,9127.67
260424,1528064649,750827446,cigna_national_oap,308,DRG,negotiated,11743.59
225708,1528064649,750827446,cigna_national_oap,309,DRG,negotiated,7387.06
58484,1528064649,750827446,cigna_national_oap,31,DRG,negotiated,41271.82
256771,1528064649,750827446,cigna_national_oap,310,DRG,negotiated,5520.27
35498,1528064649,750827446,cigna_national_oap,311,DRG,negotiated,6691.02
172953,1528064649,750827446,cigna_national_oap,312,DRG,negotiated,8539.79
4327,1528064649,750827446,cigna_national_oap,313,DRG,negotiated,7244.85
304248,1528064649,750827446,cigna_national_oap,314,DRG,negotiated,20857.24
191798,1528064649,750827446,cigna_national_oap,315,DRG,negotiated,9699.53
225823,1528064649,750827446,cigna_national_oap,316,DRG,negotiated,6830.23
147429,1528064649,750827446,cigna_national_oap,319,DRG,negotiated,43130.6
357,1528064649,750827446,cigna_national_oap,32,DRG,negotiated,20575.82
31423,1528064649,750827446,cigna_national_oap,320,DRG,negotiated,24751.07
460,1528064649,750827446,cigna_national_oap,326,DRG,negotiated,51264.78
31424,1528064649,750827446,cigna_national_oap,327,DRG,negotiated,25651.42
289772,1528064649,750827446,cigna_national_oap,328,DRG,negotiated,16601.87
2620,1528064649,750827446,cigna_national_oap,329,DRG,negotiated,46302.35
35571,1528064649,750827446,cigna_national_oap,33,DRG,negotiated,17010.48
174897,1528064649,750827446,cigna_national_oap,330,DRG,negotiated,24590.83
31425,1528064649,750827446,cigna_national_oap,331,DRG,negotiated,17113.63
54896,1528064649,750827446,cigna_national_oap,332,DRG,negotiated,40663.9
579,1528064649,750827446,cigna_national_oap,333,DRG,negotiated,22364.5
33448,1528064649,750827446,cigna_national_oap,334,DRG,negotiated,17170.72
222526,1528064649,750827446,cigna_national_oap,335,DRG,negotiated,36893.26
256791,1528064649,750827446,cigna_national_oap,336,DRG,negotiated,21301.91
100189,1528064649,750827446,cigna_national_oap,337,DRG,negotiated,15778.63
58102,1528064649,750827446,cigna_national_oap,338,DRG,negotiated,26604.85
97332,1528064649,750827446,cigna_national_oap,339,DRG,negotiated,16308.43
223432,1528064649,750827446,cigna_national_oap,34,DRG,negotiated,40053.99
58811,1528064649,750827446,cigna_national_oap,340,DRG,negotiated,12017
91494,1528064649,750827446,cigna_national_oap,341,DRG,negotiated,22623.89
267331,1528064649,750827446,cigna_national_oap,342,DRG,negotiated,14553.8
174899,1528064649,750827446,cigna_national_oap,343,DRG,negotiated,10943.39
96833,1528064649,750827446,cigna_national_oap,344,DRG,negotiated,26364.49
95456,1528064649,750827446,cigna_national_oap,345,DRG,negotiated,15538.27
89667,1528064649,750827446,cigna_national_oap,346,DRG,negotiated,12525.76
54908,1528064649,750827446,cigna_national_oap,347,DRG,negotiated,25420.07
221751,1528064649,750827446,cigna_national_oap,348,DRG,negotiated,13830.72
100192,1528064649,750827446,cigna_national_oap,349,DRG,negotiated,9986.96
94460,1528064649,750827446,cigna_national_oap,35,DRG,negotiated,22872.26
5497,1528064649,750827446,cigna_national_oap,350,DRG,negotiated,23605.36
142234,1528064649,750827446,cigna_national_oap,351,DRG,negotiated,14724.05
143577,1528064649,750827446,cigna_national_oap,352,DRG,negotiated,11037.53
261362,1528064649,750827446,cigna_national_oap,353,DRG,negotiated,28721.02
282491,1528064649,750827446,cigna_national_oap,354,DRG,negotiated,17546.28
238037,1528064649,750827446,cigna_national_oap,355,DRG,negotiated,13743.58
145433,1528064649,750827446,cigna_national_oap,356,DRG,negotiated,42288.34
178927,1528064649,750827446,cigna_national_oap,357,DRG,negotiated,22495.69
178846,1528064649,750827446,cigna_national_oap,358,DRG,negotiated,13892.81
244256,1528064649,750827446,cigna_national_oap,36,DRG,negotiated,18835.21
261363,1528064649,750827446,cigna_national_oap,368,DRG,negotiated,17568.31
240045,1528064649,750827446,cigna_national_oap,369,DRG,negotiated,10236.33
180819,1528064649,750827446,cigna_national_oap,37,DRG,negotiated,33780.6
98524,1528064649,750827446,cigna_national_oap,370,DRG,negotiated,7498.23
33607,1528064649,750827446,cigna_national_oap,371,DRG,negotiated,16943.38
230861,1528064649,750827446,cigna_national_oap,372,DRG,negotiated,10195.27
138216,1528064649,750827446,cigna_national_oap,373,DRG,negotiated,7270.89
57566,1528064649,750827446,cigna_national_oap,374,DRG,negotiated,19962.9
24841,1528064649,750827446,cigna_national_oap,375,DRG,negotiated,12064.07
100,1528064649,750827446,cigna_national_oap,376,DRG,negotiated,8791.17
225995,1528064649,750827446,cigna_national_oap,377,DRG,negotiated,17806.67
143590,1528064649,750827446,cigna_national_oap,378,DRG,negotiated,9864.78
261370,1528064649,750827446,cigna_national_oap,379,DRG,negotiated,6347.51
231880,1528064649,750827446,cigna_national_oap,38,DRG,negotiated,16379.53
261159,1528064649,750827446,cigna_national_oap,380,DRG,negotiated,19069.56
288971,1528064649,750827446,cigna_national_oap,381,DRG,negotiated,10570.83
174910,1528064649,750827446,cigna_national_oap,382,DRG,negotiated,7709.55
257368,1528064649,750827446,cigna_national_oap,383,DRG,negotiated,13620.4
236360,1528064649,750827446,cigna_national_oap,384,DRG,negotiated,9029.52
221497,1528064649,750827446,cigna_national_oap,385,DRG,negotiated,16311.43
33651,1528064649,750827446,cigna_national_oap,386,DRG,negotiated,9912.85
471,1528064649,750827446,cigna_national_oap,387,DRG,negotiated,6926.37
54930,1528064649,750827446,cigna_national_oap,388,DRG,negotiated,14696.01
257303,1528064649,750827446,cigna_national_oap,389,DRG,negotiated,8083.11
139142,1528064649,750827446,cigna_national_oap,39,DRG,negotiated,11544.29
178851,1528064649,750827446,cigna_national_oap,390,DRG,negotiated,5663.48
173486,1528064649,750827446,cigna_national_oap,391,DRG,negotiated,12859.26
261388,1528064649,750827446,cigna_national_oap,392,DRG,negotiated,7887.81
289874,1528064649,750827446,cigna_national_oap,393,DRG,negotiated,16137.17
98539,1528064649,750827446,cigna_national_oap,394,DRG,negotiated,9444.15
233412,1528064649,750827446,cigna_national_oap,395,DRG,negotiated,6458.67
241662,1528064649,750827446,cigna_national_oap,4,DRG,negotiated,137522.98
238530,1528064649,750827446,cigna_national_oap,40,DRG,negotiated,37940.83
145587,1528064649,750827446,cigna_national_oap,405,DRG,negotiated,55502.13
173487,1528064649,750827446,cigna_national_oap,406,DRG,negotiated,29340.95
261411,1528064649,750827446,cigna_national_oap,407,DRG,negotiated,22290.39
226432,1528064649,750827446,cigna_national_oap,408,DRG,negotiated,36750.04
2688,1528064649,750827446,cigna_national_oap,409,DRG,negotiated,21345.97
231423,1528064649,750827446,cigna_national_oap,41,DRG,negotiated,23416.07
221501,1528064649,750827446,cigna_national_oap,410,DRG,negotiated,17002.47
143655,1528064649,750827446,cigna_national_oap,411,DRG,negotiated,33832.67
233718,1528064649,750827446,cigna_national_oap,412,DRG,negotiated,22991.44
256928,1528064649,750827446,cigna_national_oap,413,DRG,negotiated,16228.31
289893,1528064649,750827446,cigna_national_oap,414,DRG,negotiated,35400.02
257323,1528064649,750827446,cigna_national_oap,415,DRG,negotiated,20030
4388,1528064649,750827446,cigna_national_oap,416,DRG,negotiated,13784.65
222485,1528064649,750827446,cigna_national_oap,417,DRG,negotiated,23812.67
2690,1528064649,750827446,cigna_national_oap,418,DRG,negotiated,16634.92
95336,1528064649,750827446,cigna_national_oap,419,DRG,negotiated,13069.58
58366,1528064649,750827446,cigna_national_oap,42,DRG,negotiated,18524.75
4389,1528064649,750827446,cigna_national_oap,420,DRG,negotiated,32660.92
58116,1528064649,750827446,cigna_national_oap,421,DRG,negotiated,18143.17
138509,1528064649,750827446,cigna_national_oap,422,DRG,negotiated,13876.78
229496,1528064649,750827446,cigna_national_oap,423,DRG,negotiated,39377.98
98567,1528064649,750827446,cigna_national_oap,424,DRG,negotiated,23721.53
95528,1528064649,750827446,cigna_national_oap,425,DRG,negotiated,14327.46
33068,1528064649,750827446,cigna_national_oap,432,DRG,negotiated,18910.32
173855,1528064649,750827446,cigna_national_oap,433,DRG,negotiated,10413.6
99219,1528064649,750827446,cigna_national_oap,434,DRG,negotiated,6286.42
479,1528064649,750827446,cigna_national_oap,435,DRG,negotiated,17508.22
237282,1528064649,750827446,cigna_national_oap,436,DRG,negotiated,11020.51
95368,1528064649,750827446,cigna_national_oap,437,DRG,negotiated,8471.69
95531,1528064649,750827446,cigna_national_oap,438,DRG,negotiated,16598.86
302704,1528064649,750827446,cigna_national_oap,439,DRG,negotiated,8711.05
100207,1528064649,750827446,cigna_national_oap,440,DRG,negotiated,6073.1
261516,1528064649,750827446,cigna_national_oap,441,DRG,negotiated,18976.42
58120,1528064649,750827446,cigna_national_oap,442,DRG,negotiated,9474.19
54977,1528064649,750827446,cigna_national_oap,443,DRG,negotiated,6528.78
138522,1528064649,750827446,cigna_national_oap,444,DRG,negotiated,16671.97
141207,1528064649,750827446,cigna_national_oap,445,DRG,negotiated,11012.49
54987,1528064649,750827446,cigna_national_oap,446,DRG,negotiated,8129.18
138523,1528064649,750827446,cigna_national_oap,453,DRG,negotiated,91685.32
100210,1528064649,750827446,cigna_national_oap,454,DRG,negotiated,61000.36
100326,1528064649,750827446,cigna_national_oap,455,DRG,negotiated,47951.82
93512,1528064649,750827446,cigna_national_oap,456,DRG,negotiated,84618.74
229520,1528064649,750827446,cigna_national_oap,457,DRG,negotiated,60458.55
4433,1528064649,750827446,cigna_national_oap,458,DRG,negotiated,48203.2
3398,1528064649,750827446,cigna_national_oap,459,DRG,negotiated,66429.5
230995,1528064649,750827446,cigna_national_oap,460,DRG,negotiated,37716.49
229530,1528064649,750827446,cigna_national_oap,461,DRG,negotiated,64248.23
99674,1528064649,750827446,cigna_national_oap,462,DRG,negotiated,29900.78
91677,1528064649,750827446,cigna_national_oap,463,DRG,negotiated,52494.62
227584,1528064649,750827446,cigna_national_oap,464,DRG,negotiated,29916.81
33079,1528064649,750827446,cigna_national_oap,465,DRG,negotiated,19956.89
222732,1528064649,750827446,cigna_national_oap,466,DRG,negotiated,52529.68
143744,1528064649,750827446,cigna_national_oap,467,DRG,negotiated,36313.39
229547,1528064649,750827446,cigna_national_oap,468,DRG,negotiated,27934.84
178866,1528064649,750827446,cigna_national_oap,469,DRG,negotiated,32362.47
33781,1528064649,750827446,cigna_national_oap,470,DRG,negotiated,19147.68
99676,1528064649,750827446,cigna_national_oap,471,DRG,negotiated,50445.56
138783,1528064649,750827446,cigna_national_oap,472,DRG,negotiated,30756.07
257893,1528064649,750827446,cigna_national_oap,473,DRG,negotiated,25389.03
267492,1528064649,750827446,cigna_national_oap,474,DRG,negotiated,41030.45
48335,1528064649,750827446,cigna_national_oap,475,DRG,negotiated,22245.32
264496,1528064649,750827446,cigna_national_oap,476,DRG,negotiated,12293.41
30666,1528064649,750827446,cigna_national_oap,477,DRG,negotiated,34079.04
174932,1528064649,750827446,cigna_national_oap,478,DRG,negotiated,23524.23
97576,1528064649,750827446,cigna_national_oap,479,DRG,negotiated,17710.53
650,1528064649,750827446,cigna_national_oap,480,DRG,negotiated,29704.49
232981,1528064649,750827446,cigna_national_oap,481,DRG,negotiated,21155.69
100217,1528064649,750827446,cigna_national_oap,482,DRG,negotiated,16485.69
290423,1528064649,750827446,cigna_national_oap,483,DRG,negotiated,23611.36
56281,1528064649,750827446,cigna_national_oap,485,DRG,negotiated,32558.77
232982,1528064649,750827446,cigna_national_oap,486,DRG,negotiated,20891.29
240659,1528064649,750827446,cigna_national_oap,487,DRG,negotiated,16064.06
143753,1528064649,750827446,cigna_national_oap,488,DRG,negotiated,22726.04
48338,1528064649,750827446,cigna_national_oap,489,DRG,negotiated,13314.94
229551,1528064649,750827446,cigna_national_oap,492,DRG,negotiated,34911.29
98592,1528064649,750827446,cigna_national_oap,493,DRG,negotiated,23793.64
5143,1528064649,750827446,cigna_national_oap,494,DRG,negotiated,18916.33
4439,1528064649,750827446,cigna_national_oap,495,DRG,negotiated,37199.72
147483,1528064649,750827446,cigna_national_oap,496,DRG,negotiated,21028.5
95591,1528064649,750827446,cigna_national_oap,497,DRG,negotiated,15239.83
173867,1528064649,750827446,cigna_national_oap,498,DRG,negotiated,25669.45
30670,1528064649,750827446,cigna_national_oap,499,DRG,negotiated,13206.78
286875,1528064649,750827446,cigna_national_oap,5,DRG,negotiated,114241.11
264505,1528064649,750827446,cigna_national_oap,500,DRG,negotiated,32093.07
653,1528064649,750827446,cigna_national_oap,501,DRG,negotiated,17604.37
234258,1528064649,750827446,cigna_national_oap,502,DRG,negotiated,13765.62
59546,1528064649,750827446,cigna_national_oap,503,DRG,negotiated,25371
100335,1528064649,750827446,cigna_national_oap,504,DRG,negotiated,17774.62
4455,1528064649,750827446,cigna_national_oap,505,DRG,negotiated,17694.5
221916,1528064649,750827446,cigna_national_oap,506,DRG,negotiated,14119.15
57599,1528064649,750827446,cigna_national_oap,507,DRG,negotiated,18575.82
261733,1528064649,750827446,cigna_national_oap,508,DRG,negotiated,14503.72
25210,1528064649,750827446,cigna_national_oap,509,DRG,negotiated,15201.77
33286,1528064649,750827446,cigna_national_oap,510,DRG,negotiated,28924.32
4456,1528064649,750827446,cigna_national_oap,511,DRG,negotiated,19819.69
1160,1528064649,750827446,cigna_national_oap,512,DRG,negotiated,16089.1
48353,1528064649,750827446,cigna_national_oap,513,DRG,negotiated,15963.91
141275,1528064649,750827446,cigna_national_oap,514,DRG,negotiated,10342.49
224106,1528064649,750827446,cigna_national_oap,515,DRG,negotiated,31224.77
259494,1528064649,750827446,cigna_national_oap,516,DRG,negotiated,20368.51
34084,1528064649,750827446,cigna_national_oap,517,DRG,negotiated,15121.65
226569,1528064649,750827446,cigna_national_oap,518,DRG,negotiated,37332.92
224107,1528064649,750827446,cigna_national_oap,519,DRG,negotiated,20022.99
243445,1528064649,750827446,cigna_national_oap,52,DRG,negotiated,17829.7
34085,1528064649,750827446,cigna_national_oap,520,DRG,negotiated,14820.2
96979,1528064649,750827446,cigna_national_oap,521,DRG,negotiated,30237.29
58136,1528064649,750827446,cigna_national_oap,522,DRG,negotiated,21761.59
145060,1528064649,750827446,cigna_national_oap,53,DRG,negotiated,10243.34
262103,1528064649,750827446,cigna_national_oap,533,DRG,negotiated,14284.39
303723,1528064649,750827446,cigna_national_oap,534,DRG,negotiated,7970.94
223000,1528064649,750827446,cigna_national_oap,535,DRG,negotiated,12914.34
222805,1528064649,750827446,cigna_national_oap,536,DRG,negotiated,7782.66
227836,1528064649,750827446,cigna_national_oap,537,DRG,negotiated,9948.9
6374,1528064649,750827446,cigna_national_oap,538,DRG,negotiated,6972.44
290701,1528064649,750827446,cigna_national_oap,539,DRG,negotiated,19988.94
220567,1528064649,750827446,cigna_national_oap,54,DRG,negotiated,13890.81
99697,1528064649,750827446,cigna_national_oap,540,DRG,negotiated,13486.2
33316,1528064649,750827446,cigna_national_oap,541,DRG,negotiated,8192.27
4464,1528064649,750827446,cigna_national_oap,542,DRG,negotiated,18307.42
59578,1528064649,750827446,cigna_national_oap,543,DRG,negotiated,10906.34
3455,1528064649,750827446,cigna_national_oap,544,DRG,negotiated,7792.67
89976,1528064649,750827446,cigna_national_oap,545,DRG,negotiated,25123.63
57611,1528064649,750827446,cigna_national_oap,546,DRG,negotiated,12074.08
97609,1528064649,750827446,cigna_national_oap,547,DRG,negotiated,9161.72
176968,1528064649,750827446,cigna_national_oap,548,DRG,negotiated,19428.1
95817,1528064649,750827446,cigna_national_oap,549,DRG,negotiated,12135.18
143137,1528064649,750827446,cigna_national_oap,55,DRG,negotiated,10098.12
303736,1528064649,750827446,cigna_national_oap,550,DRG,negotiated,10498.72
4491,1528064649,750827446,cigna_national_oap,551,DRG,negotiated,16759.1
95785,1528064649,750827446,cigna_national_oap,552,DRG,negotiated,9619.41
290704,1528064649,750827446,cigna_national_oap,553,DRG,negotiated,13278.89
6378,1528064649,750827446,cigna_national_oap,554,DRG,negotiated,8214.3
139201,1528064649,750827446,cigna_national_oap,555,DRG,negotiated,13331.97
57613,1528064649,750827446,cigna_national_oap,556,DRG,negotiated,8092.12
142381,1528064649,750827446,cigna_national_oap,557,DRG,negotiated,14340.48
193609,1528064649,750827446,cigna_national_oap,558,DRG,negotiated,8703.04
223025,1528064649,750827446,cigna_national_oap,559,DRG,negotiated,17876.78
98306,1528064649,750827446,cigna_national_oap,56,DRG,negotiated,22341.46
264634,1528064649,750827446,cigna_national_oap,560,DRG,negotiated,10972.43
57614,1528064649,750827446,cigna_national_oap,561,DRG,negotiated,7913.85
89304,1528064649,750827446,cigna_national_oap,562,DRG,negotiated,14649.94
92053,1528064649,750827446,cigna_national_oap,563,DRG,negotiated,8624.92
548,1528064649,750827446,cigna_national_oap,564,DRG,negotiated,15556.3
6380,1528064649,750827446,cigna_national_oap,565,DRG,negotiated,9888.81
97622,1528064649,750827446,cigna_national_oap,566,DRG,negotiated,7438.14
54030,1528064649,750827446,cigna_national_oap,57,DRG,negotiated,13034.52
55049,1528064649,750827446,cigna_national_oap,570,DRG,negotiated,29214.76
196183,1528064649,750827446,cigna_national_oap,571,DRG,negotiated,16510.73
94110,1528064649,750827446,cigna_national_oap,572,DRG,negotiated,12054.05
141452,1528064649,750827446,cigna_national_oap,573,DRG,negotiated,58793.06
191739,1528064649,750827446,cigna_national_oap,574,DRG,negotiated,36100.07
97065,1528064649,750827446,cigna_national_oap,575,DRG,negotiated,20526.74
4519,1528064649,750827446,cigna_national_oap,576,DRG,negotiated,56574.74
89306,1528064649,750827446,cigna_national_oap,577,DRG,negotiated,26226.28
225802,1528064649,750827446,cigna_national_oap,578,DRG,negotiated,17150.69
97624,1528064649,750827446,cigna_national_oap,579,DRG,negotiated,31564.28
282256,1528064649,750827446,cigna_national_oap,58,DRG,negotiated,17278.88
238703,1528064649,750827446,cigna_national_oap,580,DRG,negotiated,17388.04
59093,1528064649,750827446,cigna_national_oap,581,DRG,negotiated,14136.17
2866,1528064649,750827446,cigna_national_oap,582,DRG,negotiated,19377.02
92238,1528064649,750827446,cigna_national_oap,583,DRG,negotiated,15130.66
97630,1528064649,750827446,cigna_national_oap,584,DRG,negotiated,21390.04
179002,1528064649,750827446,cigna_national_oap,585,DRG,negotiated,18438.62
220568,1528064649,750827446,cigna_national_oap,59,DRG,negotiated,11452.15
1243,1528064649,750827446,cigna_national_oap,592,DRG,negotiated,17866.76
262039,1528064649,750827446,cigna_national_oap,593,DRG,negotiated,11536.28
223284,1528064649,750827446,cigna_national_oap,594,DRG,negotiated,7750.61
94267,1528064649,750827446,cigna_national_oap,595,DRG,negotiated,21446.12
234627,1528064649,750827446,cigna_national_oap,596,DRG,negotiated,10934.38
261904,1528064649,750827446,cigna_national_oap,597,DRG,negotiated,16865.26
99405,1528064649,750827446,cigna_national_oap,598,DRG,negotiated,10697.02
173195,1528064649,750827446,cigna_national_oap,599,DRG,negotiated,7487.21
300825,1528064649,750827446,cigna_national_oap,6,DRG,negotiated,48165.14
58048,1528064649,750827446,cigna_national_oap,60,DRG,negotiated,9076.59
55087,1528064649,750827446,cigna_national_oap,600,DRG,negotiated,10426.62
239034,1528064649,750827446,cigna_national_oap,601,DRG,negotiated,7049.56
223309,1528064649,750827446,cigna_national_oap,602,DRG,negotiated,14433.62
261914,1528064649,750827446,cigna_national_oap,603,DRG,negotiated,8831.23
258835,1528064649,750827446,cigna_national_oap,604,DRG,negotiated,15114.64
240714,1528064649,750827446,cigna_national_oap,605,DRG,negotiated,9117.66
5277,1528064649,750827446,cigna_national_oap,606,DRG,negotiated,15372.02
55079,1528064649,750827446,cigna_national_oap,607,DRG,negotiated,8494.72
196015,1528064649,750827446,cigna_national_oap,61,DRG,negotiated,29369.99
196225,1528064649,750827446,cigna_national_oap,614,DRG,negotiated,23534.25
225808,1528064649,750827446,cigna_national_oap,615,DRG,negotiated,14780.14
95673,1528064649,750827446,cigna_national_oap,616,DRG,negotiated,37701.47
92253,1528064649,750827446,cigna_national_oap,617,DRG,negotiated,19469.16
57635,1528064649,750827446,cigna_national_oap,618,DRG,negotiated,11746.59
147521,1528064649,750827446,cigna_national_oap,619,DRG,negotiated,28960.38
172808,1528064649,750827446,cigna_national_oap,62,DRG,negotiated,19200.76
139542,1528064649,750827446,cigna_national_oap,620,DRG,negotiated,16881.28
143609,1528064649,750827446,cigna_national_oap,621,DRG,negotiated,15573.33
264714,1528064649,750827446,cigna_national_oap,622,DRG,negotiated,36265.32
97654,1528064649,750827446,cigna_national_oap,623,DRG,negotiated,18874.27
229931,1528064649,750827446,cigna_national_oap,624,DRG,negotiated,9904.84
237896,1528064649,750827446,cigna_national_oap,625,DRG,negotiated,28815.16
260102,1528064649,750827446,cigna_national_oap,626,DRG,negotiated,16216.29
95868,1528064649,750827446,cigna_national_oap,627,DRG,negotiated,12778.14
237897,1528064649,750827446,cigna_national_oap,628,DRG,negotiated,36502.67
282457,1528064649,750827446,cigna_national_oap,629,DRG,negotiated,22471.66
224729,1528064649,750827446,cigna_national_oap,63,DRG,negotiated,15833.72
292369,1528064649,750827446,cigna_national_oap,630,DRG,negotiated,14063.06
92261,1528064649,750827446,cigna_national_oap,637,DRG,negotiated,13977.94
223460,1528064649,750827446,cigna_national_oap,638,DRG,negotiated,8773.14
92256,1528064649,750827446,cigna_national_oap,639,DRG,negotiated,6017.01
301046,1528064649,750827446,cigna_national_oap,64,DRG,negotiated,19749.58
147138,1528064649,750827446,cigna_national_oap,640,DRG,negotiated,12671.98
173207,1528064649,750827446,cigna_national_oap,641,DRG,negotiated,7713.55
147531,1528064649,750827446,cigna_national_oap,642,DRG,negotiated,14054.05
231354,1528064649,750827446,cigna_national_oap,643,DRG,negotiated,16461.66
56762,1528064649,750827446,cigna_national_oap,644,DRG,negotiated,10206.29
55110,1528064649,750827446,cigna_national_oap,645,DRG,negotiated,7437.14
190254,1528064649,750827446,cigna_national_oap,65,DRG,negotiated,10179.25
97740,1528064649,750827446,cigna_national_oap,650,DRG,negotiated,46508.66
5346,1528064649,750827446,cigna_national_oap,651,DRG,negotiated,35515.19
282767,1528064649,750827446,cigna_national_oap,652,DRG,negotiated,30897.28
291198,1528064649,750827446,cigna_national_oap,653,DRG,negotiated,55650.35
97141,1528064649,750827446,cigna_national_oap,654,DRG,negotiated,28467.64
226780,1528064649,750827446,cigna_national_oap,655,DRG,negotiated,21619.38
193674,1528064649,750827446,cigna_national_oap,656,DRG,negotiated,33102.58
55105,1528064649,750827446,cigna_national_oap,657,DRG,negotiated,18808.17
178474,1528064649,750827446,cigna_national_oap,658,DRG,negotiated,15813.69
238334,1528064649,750827446,cigna_national_oap,659,DRG,negotiated,25807.65
259607,1528064649,750827446,cigna_national_oap,66,DRG,negotiated,6995.48
141766,1528064649,750827446,cigna_national_oap,660,DRG,negotiated,14133.17
229948,1528064649,750827446,cigna_national_oap,661,DRG,negotiated,10795.17
179014,1528064649,750827446,cigna_national_oap,662,DRG,negotiated,30432.58
92318,1528064649,750827446,cigna_national_oap,663,DRG,negotiated,15272.88
260632,1528064649,750827446,cigna_national_oap,664,DRG,negotiated,11283.9
259300,1528064649,750827446,cigna_national_oap,665,DRG,negotiated,30648.9
147375,1528064649,750827446,cigna_national_oap,666,DRG,negotiated,17244.83
4552,1528064649,750827446,cigna_national_oap,667,DRG,negotiated,9853.76
144182,1528064649,750827446,cigna_national_oap,668,DRG,negotiated,28271.34
223573,1528064649,750827446,cigna_national_oap,669,DRG,negotiated,15765.61
231891,1528064649,750827446,cigna_national_oap,67,DRG,negotiated,14162.21
6243,1528064649,750827446,cigna_national_oap,670,DRG,negotiated,9889.81
141880,1528064649,750827446,cigna_national_oap,671,DRG,negotiated,18342.47
259315,1528064649,750827446,cigna_national_oap,672,DRG,negotiated,10432.63
239136,1528064649,750827446,cigna_national_oap,673,DRG,negotiated,34992.41
34843,1528064649,750827446,cigna_national_oap,674,DRG,negotiated,23740.56
231470,1528064649,750827446,cigna_national_oap,675,DRG,negotiated,16889.3
244269,1528064649,750827446,cigna_national_oap,68,DRG,negotiated,9050.56
59205,1528064649,750827446,cigna_national_oap,682,DRG,negotiated,14888.3
26585,1528064649,750827446,cigna_national_oap,683,DRG,negotiated,8962.42
35142,1528064649,750827446,cigna_national_oap,684,DRG,negotiated,6057.07
6244,1528064649,750827446,cigna_national_oap,686,DRG,negotiated,17003.47
260635,1528064649,750827446,cigna_national_oap,687,DRG,negotiated,10413.6
259317,1528064649,750827446,cigna_national_oap,688,DRG,negotiated,8677
178484,1528064649,750827446,cigna_national_oap,689,DRG,negotiated,11488.21
94686,1528064649,750827446,cigna_national_oap,69,DRG,negotiated,7990.97
1527,1528064649,750827446,cigna_national_oap,690,DRG,negotiated,7967.93
98724,1528064649,750827446,cigna_national_oap,693,DRG,negotiated,14329.46
178485,1528064649,750827446,cigna_national_oap,694,DRG,negotiated,7982.96
3614,1528064649,750827446,cigna_national_oap,695,DRG,negotiated,11500.22
267333,1528064649,750827446,cigna_national_oap,696,DRG,negotiated,6940.4
92354,1528064649,750827446,cigna_national_oap,697,DRG,negotiated,9938.89
88019,1528064649,750827446,cigna_national_oap,698,DRG,negotiated,16049.04
178917,1528064649,750827446,cigna_national_oap,699,DRG,negotiated,10136.18
142927,1528064649,750827446,cigna_national_oap,7,DRG,negotiated,122256.11
55768,1528064649,750827446,cigna_national_oap,70,DRG,negotiated,17267.86
258670,1528064649,750827446,cigna_national_oap,700,DRG,negotiated,7419.11
98741,1528064649,750827446,cigna_national_oap,707,DRG,negotiated,19982.93
56804,1528064649,750827446,cigna_national_oap,708,DRG,negotiated,14869.27
26604,1528064649,750827446,cigna_national_oap,709,DRG,negotiated,24156.18
266826,1528064649,750827446,cigna_national_oap,71,DRG,negotiated,10706.04
139648,1528064649,750827446,cigna_national_oap,710,DRG,negotiated,14435.62
31646,1528064649,750827446,cigna_national_oap,711,DRG,negotiated,20464.65
231856,1528064649,750827446,cigna_national_oap,712,DRG,negotiated,12434.62
228171,1528064649,750827446,cigna_national_oap,713,DRG,negotiated,14841.23
100370,1528064649,750827446,cigna_national_oap,714,DRG,negotiated,9596.37
6253,1528064649,750827446,cigna_national_oap,715,DRG,negotiated,22365.5
144192,1528064649,750827446,cigna_national_oap,716,DRG,negotiated,13162.71
84554,1528064649,750827446,cigna_national_oap,717,DRG,negotiated,17729.55
228172,1528064649,750827446,cigna_national_oap,718,DRG,negotiated,12709.04
144526,1528064649,750827446,cigna_national_oap,72,DRG,negotiated,7731.58
173469,1528064649,750827446,cigna_national_oap,722,DRG,negotiated,17002.47
59230,1528064649,750827446,cigna_national_oap,723,DRG,negotiated,11541.29
145123,1528064649,750827446,cigna_national_oap,724,DRG,negotiated,7662.48
89632,1528064649,750827446,cigna_national_oap,725,DRG,negotiated,12511.74
99755,1528064649,750827446,cigna_national_oap,726,DRG,negotiated,7727.57
239227,1528064649,750827446,cigna_national_oap,727,DRG,negotiated,14389.55
58182,1528064649,750827446,cigna_national_oap,728,DRG,negotiated,8229.33
99534,1528064649,750827446,cigna_national_oap,729,DRG,negotiated,10794.17
224736,1528064649,750827446,cigna_national_oap,73,DRG,negotiated,15015.49
178495,1528064649,750827446,cigna_national_oap,730,DRG,negotiated,6567.84
144199,1528064649,750827446,cigna_national_oap,734,DRG,negotiated,21884.78
34942,1528064649,750827446,cigna_national_oap,735,DRG,negotiated,12741.08
95943,1528064649,750827446,cigna_national_oap,736,DRG,negotiated,42715.98
230198,1528064649,750827446,cigna_national_oap,737,DRG,negotiated,20265.35
231502,1528064649,750827446,cigna_national_oap,738,DRG,negotiated,14059.06
26614,1528064649,750827446,cigna_national_oap,739,DRG,negotiated,39081.53
223448,1528064649,750827446,cigna_national_oap,74,DRG,negotiated,10251.35
261008,1528064649,750827446,cigna_national_oap,740,DRG,negotiated,18051.04
258698,1528064649,750827446,cigna_national_oap,741,DRG,negotiated,13148.69
147190,1528064649,750827446,cigna_national_oap,742,DRG,negotiated,18048.03
144272,1528064649,750827446,cigna_national_oap,743,DRG,negotiated,11723.56
267341,1528064649,750827446,cigna_national_oap,744,DRG,negotiated,19011.47
99768,1528064649,750827446,cigna_national_oap,745,DRG,negotiated,11525.26
55167,1528064649,750827446,cigna_national_oap,746,DRG,negotiated,15657.45
4617,1528064649,750827446,cigna_national_oap,747,DRG,negotiated,9800.68
196323,1528064649,750827446,cigna_national_oap,748,DRG,negotiated,14193.26
6264,1528064649,750827446,cigna_national_oap,749,DRG,negotiated,25299.89
258088,1528064649,750827446,cigna_national_oap,75,DRG,negotiated,18277.38
55173,1528064649,750827446,cigna_national_oap,750,DRG,negotiated,14291.41
58288,1528064649,750827446,cigna_national_oap,754,DRG,negotiated,17395.05
263085,1528064649,750827446,cigna_national_oap,755,DRG,negotiated,10827.22
282542,1528064649,750827446,cigna_national_oap,756,DRG,negotiated,9982.95
888,1528064649,750827446,cigna_national_oap,757,DRG,negotiated,13742.58
598,1528064649,750827446,cigna_national_oap,758,DRG,negotiated,9569.33
99543,1528064649,750827446,cigna_national_oap,759,DRG,negotiated,6213.31
195207,1528064649,750827446,cigna_national_oap,76,DRG,negotiated,9887.81
267349,1528064649,750827446,cigna_national_oap,760,DRG,negotiated,9680.5
24358,1528064649,750827446,cigna_national_oap,761,DRG,negotiated,5665.49
260224,1528064649,750827446,cigna_national_oap,768,DRG,negotiated,11485.2
191925,1528064649,750827446,cigna_national_oap,769,DRG,negotiated,16637.92
35610,1528064649,750827446,cigna_national_oap,77,DRG,negotiated,15665.46
264825,1528064649,750827446,cigna_national_oap,770,DRG,negotiated,8670.99
193847,1528064649,750827446,cigna_national_oap,776,DRG,negotiated,6981.46
88086,1528064649,750827446,cigna_national_oap,779,DRG,negotiated,10201.28
144527,1528064649,750827446,cigna_national_oap,78,DRG,negotiated,9942.89
192233,1528064649,750827446,cigna_national_oap,783,DRG,negotiated,19325.95
232032,1528064649,750827446,cigna_national_oap,784,DRG,negotiated,10455.66
173488,1528064649,750827446,cigna_national_oap,785,DRG,negotiated,9134.68
55176,1528064649,750827446,cigna_national_oap,786,DRG,negotiated,16174.23
173913,1528064649,750827446,cigna_national_oap,787,DRG,negotiated,10668.98
224526,1528064649,750827446,cigna_national_oap,788,DRG,negotiated,8737.09
264752,1528064649,750827446,cigna_national_oap,789,DRG,negotiated,18285.39
259845,1528064649,750827446,cigna_national_oap,79,DRG,negotiated,7350.01
98775,1528064649,750827446,cigna_national_oap,790,DRG,negotiated,60301.32
178940,1528064649,750827446,cigna_national_oap,791,DRG,negotiated,41182.68
5627,1528064649,750827446,cigna_national_oap,792,DRG,negotiated,24849.22
89704,1528064649,750827446,cigna_national_oap,793,DRG,negotiated,42303.36
179033,1528064649,750827446,cigna_national_oap,794,DRG,negotiated,14973.43
230228,1528064649,750827446,cigna_national_oap,795,DRG,negotiated,2027.04
55202,1528064649,750827446,cigna_national_oap,796,DRG,negotiated,13149.7
147735,1528064649,750827446,cigna_national_oap,797,DRG,negotiated,9292.92
3677,1528064649,750827446,cigna_national_oap,798,DRG,negotiated,9292.92
290514,1528064649,750827446,cigna_national_oap,799,DRG,negotiated,52155.12
96457,1528064649,750827446,cigna_national_oap,8,DRG,negotiated,55994.87
139817,1528064649,750827446,cigna_national_oap,80,DRG,negotiated,20428.6
99792,1528064649,750827446,cigna_national_oap,800,DRG,negotiated,26624.88
97831,1528064649,750827446,cigna_national_oap,801,DRG,negotiated,17986.94
5401,1528064649,750827446,cigna_national_oap,802,DRG,negotiated,38177.18
226239,1528064649,750827446,cigna_national_oap,803,DRG,negotiated,20563.8
95181,1528064649,750827446,cigna_national_oap,804,DRG,negotiated,12636.93
179035,1528064649,750827446,cigna_national_oap,805,DRG,negotiated,10071.08
99560,1528064649,750827446,cigna_national_oap,806,DRG,negotiated,6988.47
291613,1528064649,750827446,cigna_national_oap,807,DRG,negotiated,6323.47
230232,1528064649,750827446,cigna_national_oap,808,DRG,negotiated,21442.12
98805,1528064649,750827446,cigna_national_oap,809,DRG,negotiated,12175.24
267847,1528064649,750827446,cigna_national_oap,81,DRG,negotiated,8998.48
35407,1528064649,750827446,cigna_national_oap,810,DRG,negotiated,9402.08
100384,1528064649,750827446,cigna_national_oap,811,DRG,negotiated,13923.85
230332,1528064649,750827446,cigna_national_oap,812,DRG,negotiated,8993.47
267408,1528064649,750827446,cigna_national_oap,813,DRG,negotiated,15674.48
99794,1528064649,750827446,cigna_national_oap,814,DRG,negotiated,18819.19
258878,1528064649,750827446,cigna_national_oap,815,DRG,negotiated,10326.47
226242,1528064649,750827446,cigna_national_oap,816,DRG,negotiated,7300.94
1596,1528064649,750827446,cigna_national_oap,817,DRG,negotiated,31344.95
3107,1528064649,750827446,cigna_national_oap,818,DRG,negotiated,15924.85
260266,1528064649,750827446,cigna_national_oap,819,DRG,negotiated,8898.33
223450,1528064649,750827446,cigna_national_oap,82,DRG,negotiated,22686.98
241407,1528064649,750827446,cigna_national_oap,820,DRG,negotiated,53255.76
91997,1528064649,750827446,cigna_national_oap,821,DRG,negotiated,21656.44
178947,1528064649,750827446,cigna_national_oap,822,DRG,negotiated,12068.08
5647,1528064649,750827446,cigna_national_oap,823,DRG,negotiated,43328.9
240568,1528064649,750827446,cigna_national_oap,824,DRG,negotiated,22937.35
235691,1528064649,750827446,cigna_national_oap,825,DRG,negotiated,13185.75
95209,1528064649,750827446,cigna_national_oap,826,DRG,negotiated,51496.13
55710,1528064649,750827446,cigna_national_oap,827,DRG,negotiated,24383.52
142174,1528064649,750827446,cigna_national_oap,828,DRG,negotiated,17417.09
221570,1528064649,750827446,cigna_national_oap,829,DRG,negotiated,31694.47
2237,1528064649,750827446,cigna_national_oap,83,DRG,negotiated,13502.22
100387,1528064649,750827446,cigna_national_oap,830,DRG,negotiated,14727.06
92583,1528064649,750827446,cigna_national_oap,831,DRG,negotiated,11965.92
57453,1528064649,750827446,cigna_national_oap,832,DRG,negotiated,7015.51
92581,1528064649,750827446,cigna_national_oap,833,DRG,negotiated,5047.56
173498,1528064649,750827446,cigna_national_oap,834,DRG,negotiated,55382.95
27278,1528064649,750827446,cigna_national_oap,835,DRG,negotiated,21002.46
265856,1528064649,750827446,cigna_national_oap,836,DRG,negotiated,15711.53
6331,1528064649,750827446,cigna_national_oap,837,DRG,negotiated,53902.73
282796,1528064649,750827446,cigna_national_oap,838,DRG,negotiated,22274.36
97873,1528064649,750827446,cigna_national_oap,839,DRG,negotiated,13767.62
232144,1528064649,750827446,cigna_national_oap,84,DRG,negotiated,9178.75
92025,1528064649,750827446,cigna_national_oap,840,DRG,negotiated,31116.61
95211,1528064649,750827446,cigna_national_oap,841,DRG,negotiated,15971.92
230354,1528064649,750827446,cigna_national_oap,842,DRG,negotiated,11053.56
230353,1528064649,750827446,cigna_national_oap,843,DRG,negotiated,19403.06
952,1528064649,750827446,cigna_national_oap,844,DRG,negotiated,11423.11
227160,1528064649,750827446,cigna_national_oap,845,DRG,negotiated,8467.68
241451,1528064649,750827446,cigna_national_oap,846,DRG,negotiated,24126.14
222088,1528064649,750827446,cigna_national_oap,847,DRG,negotiated,12199.27
5442,1528064649,750827446,cigna_national_oap,848,DRG,negotiated,9304.94
146842,1528064649,750827446,cigna_national_oap,849,DRG,negotiated,23424.08
220721,1528064649,750827446,cigna_national_oap,85,DRG,negotiated,23392.04
180804,1528064649,750827446,cigna_national_oap,853,DRG,negotiated,49083.52
259049,1528064649,750827446,cigna_national_oap,854,DRG,negotiated,20586.83
173975,1528064649,750827446,cigna_national_oap,855,DRG,negotiated,15299.92
59361,1528064649,750827446,cigna_national_oap,856,DRG,negotiated,44193.19
97891,1528064649,750827446,cigna_national_oap,857,DRG,negotiated,21121.64
192301,1528064649,750827446,cigna_national_oap,858,DRG,negotiated,14167.22
231869,1528064649,750827446,cigna_national_oap,86,DRG,negotiated,13016.5
59362,1528064649,750827446,cigna_national_oap,862,DRG,negotiated,18318.44
261631,1528064649,750827446,cigna_national_oap,863,DRG,negotiated,10074.09
59363,1528064649,750827446,cigna_national_oap,864,DRG,negotiated,8494.72
291820,1528064649,750827446,cigna_national_oap,865,DRG,negotiated,16753.09
221274,1528064649,750827446,cigna_national_oap,866,DRG,negotiated,9010.5
4694,1528064649,750827446,cigna_national_oap,867,DRG,negotiated,21165.7
178955,1528064649,750827446,cigna_national_oap,868,DRG,negotiated,10572.84
59364,1528064649,750827446,cigna_national_oap,869,DRG,negotiated,7419.11
2817,1528064649,750827446,cigna_national_oap,87,DRG,negotiated,8737.09
59970,1528064649,750827446,cigna_national_oap,870,DRG,negotiated,68010.86
241455,1528064649,750827446,cigna_national_oap,871,DRG,negotiated,19601.36
282801,1528064649,750827446,cigna_national_oap,872,DRG,negotiated,10295.42
99609,1528064649,750827446,cigna_national_oap,876,DRG,negotiated,32010.94
56752,1528064649,750827446,cigna_national_oap,88,DRG,negotiated,15786.64
100304,1528064649,750827446,cigna_national_oap,880,DRG,negotiated,9075.59
139594,1528064649,750827446,cigna_national_oap,881,DRG,negotiated,8567.83
230424,1528064649,750827446,cigna_national_oap,882,DRG,negotiated,8748.1
48108,1528064649,750827446,cigna_national_oap,883,DRG,negotiated,16169.22
3765,1528064649,750827446,cigna_national_oap,884,DRG,negotiated,15723.55
6429,1528064649,750827446,cigna_national_oap,885,DRG,negotiated,12974.43
147409,1528064649,750827446,cigna_national_oap,886,DRG,negotiated,13670.48
266140,1528064649,750827446,cigna_national_oap,887,DRG,negotiated,12984.45
55771,1528064649,750827446,cigna_national_oap,89,DRG,negotiated,11694.52
88254,1528064649,750827446,cigna_national_oap,894,DRG,negotiated,5726.58
241863,1528064649,750827446,cigna_national_oap,895,DRG,negotiated,15610.38
100397,1528064649,750827446,cigna_national_oap,896,DRG,negotiated,17582.33
84990,1528064649,750827446,cigna_national_oap,897,DRG,negotiated,8525.77
301218,1528064649,750827446,cigna_national_oap,90,DRG,negotiated,8243.35
220554,1528064649,750827446,cigna_national_oap,901,DRG,negotiated,44051.98
96113,1528064649,750827446,cigna_national_oap,902,DRG,negotiated,19847.73
99820,1528064649,750827446,cigna_national_oap,903,DRG,negotiated,12174.23
145394,1528064649,750827446,cigna_national_oap,904,DRG,negotiated,35572.28
282571,1528064649,750827446,cigna_national_oap,905,DRG,negotiated,15622.4
627,1528064649,750827446,cigna_national_oap,906,DRG,negotiated,17904.82
99623,1528064649,750827446,cigna_national_oap,907,DRG,negotiated,38714.99
221889,1528064649,750827446,cigna_national_oap,908,DRG,negotiated,20595.85
194112,1528064649,750827446,cigna_national_oap,909,DRG,negotiated,13667.47
143651,1528064649,750827446,cigna_national_oap,91,DRG,negotiated,17299.91
267611,1528064649,750827446,cigna_national_oap,913,DRG,negotiated,15163.71
291333,1528064649,750827446,cigna_national_oap,914,DRG,negotiated,8904.34
1822,1528064649,750827446,cigna_national_oap,915,DRG,negotiated,18228.3
222030,1528064649,750827446,cigna_national_oap,916,DRG,negotiated,6651.96
291945,1528064649,750827446,cigna_national_oap,917,DRG,negotiated,15247.84
764,1528064649,750827446,cigna_national_oap,918,DRG,negotiated,8189.27
629,1528064649,750827446,cigna_national_oap,919,DRG,negotiated,17962.9
54485,1528064649,750827446,cigna_national_oap,92,DRG,negotiated,9957.91
232910,1528064649,750827446,cigna_national_oap,920,DRG,negotiated,10233.33
220561,1528064649,750827446,cigna_national_oap,921,DRG,negotiated,7289.92
264875,1528064649,750827446,cigna_national_oap,922,DRG,negotiated,15581.34
232128,1528064649,750827446,cigna_national_oap,923,DRG,negotiated,9446.15
256480,1528064649,750827446,cigna_national_oap,927,DRG,negotiated,190106.73
232935,1528064649,750827446,cigna_national_oap,928,DRG,negotiated,62005.87
236618,1528064649,750827446,cigna_national_oap,929,DRG,negotiated,29432.08
57763,1528064649,750827446,cigna_national_oap,93,DRG,negotiated,7659.47
139610,1528064649,750827446,cigna_national_oap,933,DRG,negotiated,30375.5
227287,1528064649,750827446,cigna_national_oap,934,DRG,negotiated,18788.14
57741,1528064649,750827446,cigna_national_oap,935,DRG,negotiated,20271.36
5675,1528064649,750827446,cigna_national_oap,939,DRG,negotiated,31017.46
288096,1528064649,750827446,cigna_national_oap,94,DRG,negotiated,35788.6
221294,1528064649,750827446,cigna_national_oap,940,DRG,negotiated,22066.05
32802,1528064649,750827446,cigna_national_oap,941,DRG,negotiated,18902.31
222033,1528064649,750827446,cigna_national_oap,945,DRG,negotiated,15074.58
145418,1528064649,750827446,cigna_national_oap,946,DRG,negotiated,11242.84
265921,1528064649,750827446,cigna_national_oap,947,DRG,negotiated,12174.23
92434,1528064649,750827446,cigna_national_oap,948,DRG,negotiated,7787.66
220564,1528064649,750827446,cigna_national_oap,949,DRG,negotiated,11937.88
35776,1528064649,750827446,cigna_national_oap,95,DRG,negotiated,25606.35
55774,1528064649,750827446,cigna_national_oap,950,DRG,negotiated,7105.64
144532,1528064649,750827446,cigna_national_oap,951,DRG,negotiated,5700.54
221313,1528064649,750827446,cigna_national_oap,955,DRG,negotiated,67461.04
221506,1528064649,750827446,cigna_national_oap,956,DRG,negotiated,38099.06
4740,1528064649,750827446,cigna_national_oap,957,DRG,negotiated,74216.16
58317,1528064649,750827446,cigna_national_oap,958,DRG,negotiated,41767.56
291687,1528064649,750827446,cigna_national_oap,959,DRG,negotiated,25725.53
5332,1528064649,750827446,cigna_national_oap,96,DRG,negotiated,22877.26
173988,1528064649,750827446,cigna_national_oap,963,DRG,negotiated,27773.6
3300,1528064649,750827446,cigna_national_oap,964,DRG,negotiated,14666.97
179057,1528064649,750827446,cigna_national_oap,965,DRG,negotiated,9112.65
266199,1528064649,750827446,cigna_national_oap,969,DRG,negotiated,72584.71
143210,1528064649,750827446,cigna_national_oap,97,DRG,negotiated,38940.32
4838,1528064649,750827446,cigna_national_oap,970,DRG,negotiated,30930.33
98029,1528064649,750827446,cigna_national_oap,974,DRG,negotiated,28773.1
5844,1528064649,750827446,cigna_national_oap,975,DRG,negotiated,13777.64
6439,1528064649,750827446,cigna_national_oap,976,DRG,negotiated,9241.84
100406,1528064649,750827446,cigna_national_oap,977,DRG,negotiated,13018.5
288102,1528064649,750827446,cigna_national_oap,98,DRG,negotiated,20873.26
263602,1528064649,750827446,cigna_national_oap,981,DRG,negotiated,45872.71
267432,1528064649,750827446,cigna_national_oap,982,DRG,negotiated,25119.62
220828,1528064649,750827446,cigna_national_oap,983,DRG,negotiated,16727.05
240722,1528064649,750827446,cigna_national_oap,987,DRG,negotiated,33233.78
228743,1528064649,750827446,cigna_national_oap,988,DRG,negotiated,16989.45
221508,1528064649,750827446,cigna_national_oap,989,DRG,negotiated,11040.54
287677,1528064649,750827446,cigna_national_oap,99,DRG,negotiated,14005.98
